time,f0,loudness
0.0,0.0,0.16342788934707642
0.0029024943310657597,0.0,0.18864500522613525
0.005804988662131519,0.0,0.22000302374362946
0.008707482993197279,548.0053,0.24202314019203186
0.011609977324263039,548.0053,0.27059587836265564
0.014512471655328799,548.0053,0.290355384349823
0.017414965986394557,544.849,0.29885661602020264
0.020317460317460317,544.849,0.30759501457214355
0.023219954648526078,544.849,0.30554690957069397
0.026122448979591838,544.849,0.3056716024875641
0.029024943310657598,544.849,0.2999350130558014
0.03192743764172336,544.849,0.29572197794914246
0.034829931972789115,544.849,0.27828577160835266
0.03773242630385488,544.849,0.2608141601085663
0.040634920634920635,544.849,0.2430359572172165
0.04353741496598639,544.849,0.22127744555473328
0.046439909297052155,544.849,0.20696313679218292
0.04934240362811791,544.849,0.1947307288646698
0.052244897959183675,544.849,0.18489693105220795
0.05514739229024943,544.849,0.18361197412014008
0.058049886621315196,544.849,0.18934939801692963
0.06095238095238095,544.849,0.19423286616802216
0.06385487528344672,544.849,0.20209676027297974
0.06675736961451247,544.849,0.2066992223262787
0.06965986394557823,544.849,0.2135276198387146
0.07256235827664399,544.849,0.21458026766777039
0.07546485260770976,544.849,0.21197323501110077
0.0783673469387755,544.849,0.20675891637802124
0.08126984126984127,544.849,0.2042410671710968
0.08417233560090703,544.849,0.2070554792881012
0.08707482993197278,544.849,0.2136925607919693
0.08997732426303855,544.849,0.21649964153766632
0.09287981859410431,544.849,0.2222185581922531
0.09578231292517007,541.7109,0.22770142555236816
0.09868480725623582,544.849,0.23462997376918793
0.10158730158730159,541.7109,0.23825696110725403
0.10448979591836735,541.7109,0.23847107589244843
0.1073922902494331,541.7109,0.24571020901203156
0.11029478458049886,541.7109,0.24711959064006805
0.11319727891156463,541.7109,0.26883387565612793
0.11609977324263039,541.7109,0.2824918329715729
0.11900226757369614,541.7109,0.31329697370529175
0.1219047619047619,541.7109,0.33971282839775085
0.12480725623582767,541.7109,0.36518120765686035
0.12770975056689343,541.7109,0.3961183428764343
0.1306122448979592,541.7109,0.4093852937221527
0.13351473922902493,541.7109,0.42858147621154785
0.1364172335600907,541.7109,0.43194952607154846
0.13931972789115646,541.7109,0.4354058504104614
0.14222222222222222,541.7109,0.4248938262462616
0.14512471655328799,541.7109,0.4120517671108246
0.14802721088435375,541.7109,0.4033990800380707
0.1509297052154195,541.7109,0.3834126591682434
0.15383219954648525,538.5908,0.38386014103889465
0.156734693877551,538.5908,0.3725775182247162
0.15963718820861678,541.7109,0.3792611360549927
0.16253968253968254,541.7109,0.3863043487071991
0.1654421768707483,541.7109,0.39437732100486755
0.16834467120181407,541.7109,0.4115781784057617
0.17124716553287983,541.7109,0.4125760495662689
0.17414965986394557,541.7109,0.42379069328308105
0.17705215419501133,541.7109,0.4160376787185669
0.1799546485260771,541.7109,0.41671067476272583
0.18285714285714286,541.7109,0.40300989151000977
0.18575963718820862,541.7109,0.3911067545413971
0.18866213151927438,538.5908,0.38020700216293335
0.19156462585034015,541.7109,0.3590315878391266
0.19446712018140588,541.7109,0.3546372354030609
0.19736961451247165,541.7109,0.33689817786216736
0.2002721088435374,541.7109,0.33772122859954834
0.20317460317460317,538.5908,0.32781168818473816
0.20607709750566894,538.5908,0.3269869387149811
0.2089795918367347,538.5908,0.3232899606227875
0.21188208616780047,538.5908,0.3219650685787201
0.2147845804988662,538.5908,0.32625994086265564
0.21768707482993196,538.5908,0.3219723701477051
0.22058956916099773,538.5908,0.3321784436702728
0.2234920634920635,538.5908,0.3309456408023834
0.22639455782312926,538.5908,0.3427465260028839
0.22929705215419502,541.7109,0.347210556268692
0.23219954648526078,541.7109,0.35235145688056946
0.23510204081632652,541.7109,0.35783621668815613
0.23800453514739228,541.7109,0.3522092401981354
0.24090702947845805,541.7109,0.3546464145183563
0.2438095238095238,541.7109,0.34514114260673523
0.24671201814058957,538.5908,0.3434477746486664
0.24961451247165534,538.5908,0.3324892222881317
0.2525170068027211,538.5908,0.3250564634799957
0.25541950113378686,538.5908,0.323290079832077
0.2583219954648526,538.5908,0.31267455220222473
0.2612244897959184,538.5908,0.3181626498699188
0.26412698412698415,538.5908,0.3119661808013916
0.26702947845804986,538.5908,0.3129788041114807
0.2699319727891156,538.5908,0.3081342279911041
0.2728344671201814,538.5908,0.30194562673568726
0.27573696145124715,538.5908,0.29930269718170166
0.2786394557823129,538.5908,0.29072675108909607
0.2815419501133787,538.5908,0.2952009439468384
0.28444444444444444,538.5908,0.2947661578655243
0.2873469387755102,538.5908,0.3063400685787201
0.29024943310657597,538.5908,0.3220962882041931
0.29315192743764173,538.5908,0.33499717712402344
0.2960544217687075,538.5908,0.35611653327941895
0.29895691609977326,538.5908,0.3649424612522125
0.301859410430839,538.5908,0.37714555859565735
0.3047619047619048,538.5908,0.3767317235469818
0.3076643990929705,538.5908,0.3777216672897339
0.31056689342403626,538.5908,0.3724746108055115
0.313469387755102,538.5908,0.36055049300193787
0.3163718820861678,538.5908,0.3568158447742462
0.31927437641723355,538.5908,0.3449549674987793
0.3221768707482993,538.5908,0.3462763726711273
0.3250793650793651,538.5908,0.34492307901382446
0.32798185941043084,538.5908,0.3544795513153076
0.3308843537414966,538.5908,0.3609984517097473
0.33378684807256237,538.5908,0.3670288026332855
0.33668934240362813,538.5908,0.37803730368614197
0.3395918367346939,538.5908,0.37810274958610535
0.34249433106575966,538.5908,0.3835606873035431
0.3453968253968254,538.5908,0.3814409077167511
0.34829931972789113,538.5908,0.37867510318756104
0.3512018140589569,538.5908,0.37189656496047974
0.35410430839002266,538.5908,0.3639972507953644
0.3570068027210884,538.5908,0.35990095138549805
0.3599092970521542,538.5908,0.3483829200267792
0.36281179138321995,538.5908,0.34546178579330444
0.3657142857142857,538.5908,0.33388933539390564
0.3686167800453515,538.5908,0.32925206422805786
0.37151927437641724,538.5908,0.3199898898601532
0.374421768707483,538.5908,0.31523534655570984
0.37732426303854877,538.5908,0.30755192041397095
0.38022675736961453,538.5908,0.30069318413734436
0.3831292517006803,538.5908,0.298257440328598
0.38603174603174606,538.5908,0.2943642735481262
0.38893424036281177,538.5908,0.3026966154575348
0.39183673469387753,538.5908,0.3056556284427643
0.3947392290249433,538.5908,0.3212941586971283
0.39764172335600906,538.5908,0.32787415385246277
0.4005442176870748,538.5908,0.34473833441734314
0.4034467120181406,538.5908,0.35574865341186523
0.40634920634920635,538.5908,0.36752933263778687
0.4092517006802721,538.5908,0.3799647092819214
0.4121541950113379,538.5908,0.3833325207233429
0.41505668934240364,538.5908,0.394801527261734
0.4179591836734694,538.5908,0.3949498236179352
0.42086167800453517,538.5908,0.40667855739593506
0.42376417233560093,538.5908,0.4094862639904022
0.4266666666666667,538.5908,0.4184436798095703
0.4295691609977324,538.5908,0.42700648307800293
0.43247165532879817,538.5908,0.4339677095413208
0.43537414965986393,538.5908,0.44626253843307495
0.4382766439909297,538.5908,0.4514119327068329
0.44117913832199546,538.5908,0.4637495279312134
0.4440816326530612,538.5908,0.46641549468040466
0.446984126984127,538.5908,0.4751993715763092
0.44988662131519275,538.5908,0.4782039523124695
0.4527891156462585,538.5908,0.48334506154060364
0.4556916099773243,538.5908,0.48656055331230164
0.45859410430839004,538.5908,0.48623088002204895
0.4614965986394558,538.5908,0.49127843976020813
0.46439909297052157,538.5908,0.4851561188697815
0.46730158730158733,538.5908,0.48911476135253906
0.47020408163265304,538.5908,0.48431023955345154
0.4731065759637188,538.5908,0.48541349172592163
0.47600907029478456,538.5908,0.4822811782360077
0.47891156462585033,538.5908,0.47836828231811523
0.4818140589569161,538.5908,0.48134225606918335
0.48471655328798186,538.5908,0.47256797552108765
0.4876190476190476,538.5908,0.4801294505596161
0.4905215419501134,538.5908,0.4750840365886688
0.49342403628117915,538.5908,0.47805267572402954
0.4963265306122449,538.5908,0.47602471709251404
0.4992290249433107,538.5908,0.47186583280563354
0.5021315192743764,538.5908,0.47192496061325073
0.5050340136054422,538.5908,0.46164169907569885
0.5079365079365079,538.5908,0.4623139798641205
0.5108390022675737,538.5908,0.4476820230484009
0.5137414965986394,538.5908,0.44271352887153625
0.5166439909297053,538.5908,0.4302879273891449
0.519546485260771,538.5908,0.41982704401016235
0.5224489795918368,538.5908,0.41301652789115906
0.5253514739229025,538.5908,0.4014798700809479
0.5282539682539683,538.5908,0.39881107211112976
0.531156462585034,538.5908,0.38466328382492065
0.5340589569160997,538.5908,0.38464781641960144
0.5369614512471655,538.5908,0.3733808696269989
0.5398639455782313,538.5908,0.3716774880886078
0.5427664399092971,538.5908,0.3666110038757324
0.5456689342403628,538.5908,0.359843373298645
0.5485714285714286,538.5908,0.35857531428337097
0.5514739229024943,538.5908,0.3488014340400696
0.5543764172335601,538.5908,0.35250669717788696
0.5572789115646258,538.5908,0.3431956171989441
0.5601814058956917,538.5908,0.3468743860721588
0.5630839002267574,538.5908,0.3428354561328888
0.5659863945578232,538.5908,0.34142065048217773
0.5688888888888889,538.5908,0.34471601247787476
0.5717913832199546,538.5908,0.3384094834327698
0.5746938775510204,538.5908,0.34452539682388306
0.5775963718820861,538.5908,0.3382475972175598
0.5804988662131519,538.5908,0.3437771499156952
0.5834013605442177,538.5908,0.3418355882167816
0.5863038548752835,538.5908,0.3418957591056824
0.5892063492063492,538.5908,0.34629467129707336
0.592108843537415,538.5908,0.3417964577674866
0.5950113378684807,538.5908,0.35185185074806213
0.5979138321995465,538.5908,0.34840840101242065
0.6008163265306122,538.5908,0.35773688554763794
0.603718820861678,538.5908,0.357500821352005
0.6066213151927438,538.5908,0.3615638315677643
0.6095238095238096,538.5908,0.3664718270301819
0.6124263038548753,538.5908,0.36506015062332153
0.615328798185941,538.5908,0.3725317418575287
0.6182312925170068,538.5908,0.3655666410923004
0.6211337868480725,538.5908,0.3708321750164032
0.6240362811791383,538.5908,0.36238864064216614
0.626938775510204,538.5908,0.3629462718963623
0.6298412698412699,538.5908,0.35793164372444153
0.6327437641723356,538.5908,0.35107749700546265
0.6356462585034014,538.5908,0.35084131360054016
0.6385487528344671,538.5908,0.3380708396434784
0.6414512471655329,538.5908,0.3408229947090149
0.6443537414965986,538.5908,0.32853221893310547
0.6472562358276645,538.5908,0.3312864601612091
0.6501587301587302,538.5908,0.32489606738090515
0.6530612244897959,538.5908,0.3205648958683014
0.6559637188208617,538.5908,0.3228859305381775
0.6588662131519274,538.5908,0.3112015128135681
0.6617687074829932,538.5908,0.3166491687297821
0.6646712018140589,538.5908,0.30615049600601196
0.6675736961451247,538.5908,0.3104419410228729
0.6704761904761904,538.5908,0.3045917749404907
0.6733786848072563,541.7109,0.3013874292373657
0.676281179138322,541.7109,0.3042319118976593
0.6791836734693878,541.7109,0.29370731115341187
0.6820861678004535,541.7109,0.30091536045074463
0.6849886621315193,541.7109,0.2930481731891632
0.687891156462585,541.7109,0.2990983724594116
0.6907936507936508,541.7109,0.29517707228660583
0.6936961451247166,541.7109,0.29546356201171875
0.6965986394557823,541.7109,0.29782429337501526
0.6995011337868481,541.7109,0.2912014424800873
0.7024036281179138,541.7109,0.29702994227409363
0.7053061224489796,541.7109,0.289095014333725
0.7082086167800453,541.7109,0.29293933510780334
0.7111111111111111,541.7109,0.28616973757743835
0.7140136054421768,541.7109,0.286173939704895
0.7169160997732427,541.7109,0.28371530771255493
0.7198185941043084,541.7109,0.2781781852245331
0.7227210884353742,541.7109,0.2807718515396118
0.7256235827664399,541.7109,0.2723804712295532
0.7285260770975057,541.7109,0.275762140750885
0.7314285714285714,541.7109,0.26907289028167725
0.7343310657596371,541.7109,0.2709902226924896
0.737233560090703,541.7109,0.26716798543930054
0.7401360544217687,541.7109,0.2647649943828583
0.7430385487528345,541.7109,0.2671751379966736
0.7459410430839002,541.7109,0.26016300916671753
0.748843537414966,541.7109,0.26578548550605774
0.7517460317460317,541.7109,0.2603819668292999
0.7546485260770975,541.7109,0.2641098201274872
0.7575510204081632,541.7109,0.2617368698120117
0.7604535147392291,541.7109,0.26289623975753784
0.7633560090702948,541.7109,0.2669990658760071
0.7662585034013606,541.7109,0.2630579471588135
0.7691609977324263,541.7109,0.2704390585422516
0.7720634920634921,541.7109,0.26701468229293823
0.7749659863945578,541.7109,0.27310001850128174
0.7778684807256235,541.7109,0.273074746131897
0.7807709750566894,541.7109,0.2760402262210846
0.7836734693877551,541.7109,0.2798735797405243
0.7865759637188209,541.7109,0.27632850408554077
0.7894784580498866,541.7109,0.28250110149383545
0.7923809523809524,541.7109,0.27807092666625977
0.7952834467120181,541.7109,0.2813033163547516
0.7981859410430839,541.7109,0.2781215310096741
0.8010884353741496,541.7109,0.27833589911460876
0.8039909297052155,541.7109,0.27675095200538635
0.8068934240362812,541.7109,0.2709808349609375
0.809795918367347,541.7109,0.2725507318973541
0.8126984126984127,541.7109,0.26514875888824463
0.8156009070294784,541.7109,0.26617130637168884
0.8185034013605442,541.7109,0.26090288162231445
0.8214058956916099,541.7109,0.2601902186870575
0.8243083900226758,541.7109,0.25549641251564026
0.8272108843537415,541.7109,0.25116249918937683
0.8301133786848073,541.7109,0.25021517276763916
0.833015873015873,541.7109,0.24334990978240967
0.8359183673469388,541.7109,0.24315112829208374
0.8388208616780045,541.7109,0.23631101846694946
0.8417233560090703,541.7109,0.23484161496162415
0.844625850340136,541.7109,0.22910302877426147
0.8475283446712019,541.7109,0.22548608481884003
0.8504308390022676,541.7109,0.22380080819129944
0.8533333333333334,541.7109,0.21853621304035187
0.8562358276643991,541.7109,0.21793831884860992
0.8591383219954648,541.7109,0.2135755866765976
0.8620408163265306,541.7109,0.2131839394569397
0.8649433106575963,541.7109,0.21133899688720703
0.8678458049886622,541.7109,0.20908984541893005
0.8707482993197279,541.7109,0.21094554662704468
0.8736507936507937,541.7109,0.20926783978939056
0.8765532879818594,541.7109,0.21167869865894318
0.8794557823129252,541.7109,0.2137656956911087
0.8823582766439909,541.7109,0.21542052924633026
0.8852607709750567,541.7109,0.22052384912967682
0.8881632653061224,541.7109,0.22040842473506927
0.8910657596371883,541.7109,0.22794665396213531
0.893968253968254,541.7109,0.22945846617221832
0.8968707482993197,541.7109,0.23468635976314545
0.8997732426303855,541.7109,0.2405558079481125
0.9026757369614512,541.7109,0.24244563281536102
0.905578231292517,541.7109,0.25127696990966797
0.9084807256235827,541.7109,0.250619113445282
0.9113832199546485,541.7109,0.26115813851356506
0.9142857142857143,541.7109,0.2623773217201233
0.9171882086167801,541.7109,0.26999980211257935
0.9200907029478458,541.7109,0.2774083614349365
0.9229931972789116,541.7109,0.27973097562789917
0.9258956916099773,541.7109,0.2908714711666107
0.9287981859410431,541.7109,0.28962796926498413
0.9317006802721088,541.7109,0.3020263910293579
0.9346031746031747,541.7109,0.30105510354042053
0.9375056689342404,541.7109,0.3118784427642822
0.9404081632653061,541.7109,0.3170269727706909
0.9433106575963719,541.7109,0.3189903795719147
0.9462131519274376,541.7109,0.32906806468963623
0.9491156462585034,541.7109,0.32751643657684326
0.9520181405895691,541.7109,0.34037062525749207
0.954920634920635,541.7109,0.33925214409828186
0.9578231292517007,541.7109,0.35191553831100464
0.9607256235827665,541.7109,0.3542778491973877
0.9636281179138322,541.7109,0.3581397831439972
0.966530612244898,541.7109,0.36804455518722534
0.9694331065759637,541.7109,0.3667559027671814
0.9723356009070295,541.7109,0.3783297836780548
0.9752380952380952,541.7109,0.37575459480285645
0.978140589569161,541.7109,0.3852805495262146
0.9810430839002268,541.7109,0.38425213098526
0.9839455782312925,541.7109,0.3857177495956421
0.9868480725623583,541.7109,0.3901241421699524
0.989750566893424,541.7109,0.3849920928478241
0.9926530612244898,541.7109,0.39167919754981995
0.9955555555555555,541.7109,0.38399726152420044
0.9984580498866213,541.7109,0.38861802220344543
1.0013605442176872,541.7109,0.3832234740257263
1.0042630385487528,541.7109,0.38130179047584534
1.0071655328798186,541.7109,0.3808150887489319
1.0100680272108844,541.7109,0.3740611672401428
1.0129705215419502,541.7109,0.3764893114566803
1.0158730158730158,541.7109,0.36696869134902954
1.0187755102040816,541.7109,0.36924389004707336
1.0216780045351475,541.7109,0.3618847131729126
1.024580498866213,541.7109,0.35943496227264404
1.0274829931972789,541.7109,0.35607123374938965
1.0303854875283447,541.7109,0.3506551682949066
1.0332879818594105,541.7109,0.35109612345695496
1.036190476190476,541.7109,0.3418385684490204
1.039092970521542,541.7109,0.3434322774410248
1.0419954648526077,541.7109,0.335563063621521
1.0448979591836736,541.7109,0.33612725138664246
1.0478004535147392,541.7109,0.33246511220932007
1.050702947845805,541.7109,0.3310028612613678
1.0536054421768708,541.7109,0.3325529396533966
1.0565079365079366,541.7109,0.32639533281326294
1.0594104308390022,538.5908,0.33246833086013794
1.062312925170068,541.7109,0.3282095789909363
1.0652154195011339,541.7109,0.3344655930995941
1.0681179138321995,541.7109,0.3321734666824341
1.0710204081632653,541.7109,0.33490100502967834
1.073922902494331,538.5908,0.338742733001709
1.076825396825397,538.5908,0.3352462649345398
1.0797278911564625,538.5908,0.3430328667163849
1.0826303854875283,538.5908,0.33934226632118225
1.0855328798185941,538.5908,0.34689635038375854
1.08843537414966,538.5908,0.3443806767463684
1.0913378684807256,538.5908,0.34808796644210815
1.0942403628117914,538.5908,0.35078033804893494
1.0971428571428572,538.5908,0.347091406583786
1.1000453514739228,538.5908,0.35363247990608215
1.1029478458049886,538.5908,0.34840235114097595
1.1058503401360544,538.5908,0.3531278967857361
1.1087528344671203,538.5908,0.3488980531692505
1.1116553287981858,538.5908,0.3517794609069824
1.1145578231292517,538.5908,0.34972310066223145
1.1174603174603175,538.5908,0.3475198447704315
1.1203628117913833,538.5908,0.35174718499183655
1.123265306122449,538.5908,0.3453083038330078
1.1261678004535147,538.5908,0.35030534863471985
1.1290702947845805,538.5908,0.3446788787841797
1.1319727891156464,538.5908,0.3484421968460083
1.134875283446712,538.5908,0.3440985083580017
1.1377777777777778,538.5908,0.3452732264995575
1.1406802721088436,538.5908,0.3475306034088135
1.1435827664399092,538.5908,0.3408096134662628
1.146485260770975,538.5908,0.3472602367401123
1.1493877551020408,538.5908,0.3405795693397522
1.1522902494331067,538.5908,0.3475135266780853
1.1551927437641722,538.5908,0.3427393138408661
1.158095238095238,538.5908,0.3456239104270935
1.1609977324263039,538.5908,0.34889915585517883
1.1639002267573697,538.5908,0.3427250385284424
1.1668027210884353,538.5908,0.351838618516922
1.1697052154195011,538.5908,0.3450339138507843
1.172607709750567,538.5908,0.3539402484893799
1.1755102040816328,538.5908,0.34991705417633057
1.1784126984126984,538.5908,0.35345175862312317
1.1813151927437642,538.5908,0.35836684703826904
1.18421768707483,538.5908,0.3524462878704071
1.1871201814058956,538.5908,0.3629196882247925
1.1900226757369614,538.5908,0.35634347796440125
1.1929251700680272,538.5908,0.36566221714019775
1.195827664399093,538.5908,0.36228087544441223
1.1987301587301586,538.5908,0.3661559522151947
1.2016326530612245,538.5908,0.3682573437690735
1.2045351473922903,538.5908,0.36416134238243103
1.207437641723356,538.5908,0.37292277812957764
1.2103401360544217,538.5908,0.3653087317943573
1.2132426303854875,538.5908,0.3736937344074249
1.2161451247165533,538.5908,0.36798110604286194
1.2190476190476192,538.5908,0.37291404604911804
1.2219501133786848,538.5908,0.37261414527893066
1.2248526077097506,538.5908,0.3722689747810364
1.2277551020408164,538.5908,0.37896695733070374
1.230657596371882,538.5908,0.3722689747810364
1.2335600907029478,538.5908,0.38171884417533875
1.2364625850340136,538.5908,0.3766781985759735
1.2393650793650794,538.5908,0.38458845019340515
1.242267573696145,538.5908,0.3832401931285858
1.2451700680272109,538.5908,0.384748250246048
1.2480725623582767,538.5908,0.39128997921943665
1.2509750566893425,538.5908,0.38467273116111755
1.253877551020408,538.5908,0.3946819305419922
1.256780045351474,538.5908,0.389375776052475
1.2596825396825397,538.5908,0.3964673578739166
1.2625850340136053,538.5908,0.39552536606788635
1.2654875283446712,538.5908,0.3950503170490265
1.268390022675737,538.5908,0.40090426802635193
1.2712925170068028,538.5908,0.39193445444107056
1.2741950113378684,538.5908,0.4004049301147461
1.2770975056689342,538.5908,0.3933873772621155
1.28,538.5908,0.3973945677280426
1.2829024943310658,538.5908,0.39436838030815125
1.2858049886621314,538.5908,0.3917432129383087
1.2887074829931973,538.5908,0.39456993341445923
1.291609977324263,538.5908,0.3865305781364441
1.294512471655329,538.5908,0.394216924905777
1.2974149659863945,538.5908,0.38567453622817993
1.3003174603174603,538.5908,0.3895961046218872
1.3032199546485261,538.5908,0.38687804341316223
1.3061224489795917,538.5908,0.3852294087409973
1.3090249433106576,538.5908,0.3864634037017822
1.3119274376417234,538.5908,0.38140004873275757
1.3148299319727892,538.5908,0.38606852293014526
1.3177324263038548,538.5908,0.37711241841316223
1.3206349206349206,538.5908,0.3818209767341614
1.3235374149659864,538.5908,0.3771251440048218
1.3264399092970522,538.5908,0.3762573301792145
1.3293424036281178,538.5908,0.37765994668006897
1.3322448979591837,538.5908,0.37217283248901367
1.3351473922902495,538.5908,0.37652045488357544
1.3380498866213153,538.5908,0.36801016330718994
1.340952380952381,538.5908,0.3727318048477173
1.3438548752834467,538.5908,0.36808550357818604
1.3467573696145125,538.5908,0.36755579710006714
1.3496598639455781,538.5908,0.36822471022605896
1.352562358276644,538.5908,0.3627866506576538
1.3554648526077098,538.5908,0.3667847812175751
1.3583673469387756,538.5908,0.3596210181713104
1.3612698412698412,538.5908,0.36445149779319763
1.364172335600907,538.5908,0.36040329933166504
1.3670748299319728,538.5908,0.3605354130268097
1.3699773242630386,538.5908,0.36239394545555115
1.3728798185941042,538.5908,0.3589046895503998
1.37578231292517,538.5908,0.3626805245876312
1.3786848072562359,538.5908,0.35817793011665344
1.3815873015873017,538.5908,0.36296504735946655
1.3844897959183673,538.5908,0.3580866754055023
1.3873922902494331,538.5908,0.36096328496932983
1.390294784580499,538.5908,0.36126336455345154
1.3931972789115645,538.5908,0.35911205410957336
1.3960997732426303,538.5908,0.3634214997291565
1.3990022675736962,538.5908,0.35808998346328735
1.401904761904762,538.5908,0.3626963794231415
1.4048072562358276,538.5908,0.3567862808704376
1.4077097505668934,538.5908,0.3610265254974365
1.4106122448979592,538.5908,0.358173668384552
1.413514739229025,538.5908,0.3562908172607422
1.4164172335600906,538.5908,0.3577272593975067
1.4193197278911565,538.5908,0.35080814361572266
1.4222222222222223,538.5908,0.3541034162044525
1.4251247165532879,538.5908,0.3475867509841919
1.4280272108843537,538.5908,0.35085102915763855
1.4309297052154195,538.5908,0.3464096486568451
1.4338321995464853,538.5908,0.3460618257522583
1.436734693877551,538.5908,0.34681108593940735
1.4396371882086167,538.5908,0.3430771231651306
1.4425396825396826,538.5908,0.3466257154941559
1.4454421768707484,538.5908,0.3430653512477875
1.448344671201814,538.5908,0.3472810685634613
1.4512471655328798,538.5908,0.3442018926143646
1.4541496598639456,538.5908,0.3469769060611725
1.4570521541950114,538.5908,0.3481411039829254
1.459954648526077,538.5908,0.3473379611968994
1.4628571428571429,538.5908,0.35011857748031616
1.4657596371882087,538.5908,0.34673231840133667
1.4686621315192743,538.5908,0.34901222586631775
1.47156462585034,538.5908,0.345294326543808
1.474467120181406,538.5908,0.3470066487789154
1.4773696145124717,538.5908,0.3431527614593506
1.4802721088435373,538.5908,0.34124669432640076
1.4831746031746031,538.5908,0.3404271900653839
1.486077097505669,538.5908,0.3363892734050751
1.4889795918367348,538.5908,0.33906224370002747
1.4918820861678004,538.5908,0.33514314889907837
1.4947845804988662,538.5908,0.3368937075138092
1.497687074829932,538.5908,0.33192238211631775
1.5005895691609978,538.5908,0.33300942182540894
1.5034920634920634,538.5908,0.32912755012512207
1.5063945578231293,538.5908,0.32619521021842957
1.509297052154195,538.5908,0.32358866930007935
1.5121995464852607,538.5908,0.31577491760253906
1.5151020408163265,538.5908,0.31429916620254517
1.5180045351473923,538.5908,0.3069346249103546
1.5209070294784581,538.5908,0.306497186422348
1.5238095238095237,538.5908,0.298430472612381
1.5267120181405895,538.5908,0.2972089350223541
1.5296145124716554,538.5908,0.29234156012535095
1.5325170068027212,538.5908,0.29038503766059875
1.5354195011337868,538.5908,0.2903423607349396
1.5383219954648526,538.5908,0.28721287846565247
1.5412244897959184,538.5908,0.2879066467285156
1.5441269841269842,538.5908,0.28421321511268616
1.5470294784580498,538.5908,0.2873610258102417
1.5499319727891157,538.5908,0.2849387228488922
1.5528344671201815,538.5908,0.28579920530319214
1.555736961451247,538.5908,0.28462955355644226
1.5586394557823129,538.5908,0.2815215587615967
1.5615419501133787,538.5908,0.28195491433143616
1.5644444444444445,538.5908,0.2782384753227234
1.5673469387755101,538.5908,0.2774508595466614
1.570249433106576,0.0,0.2732234597206116
1.5731519274376418,0.0,0.26886940002441406
1.5760544217687076,0.0,0.26499757170677185
1.5789569160997732,0.0,0.25833719968795776
1.581859410430839,0.0,0.25644588470458984
1.5847619047619048,0.0,0.24635736644268036
1.5876643990929704,0.0,0.24270807206630707
1.5905668934240362,0.0,0.23502328991889954
1.593469387755102,0.0,0.2286948561668396
1.5963718820861679,0.0,0.22512942552566528
1.5992743764172335,0.0,0.2171868085861206
1.6021768707482993,0.0,0.21370775997638702
1.605079365079365,0.0,0.20461657643318176
1.607981859410431,0.0,0.20348559319972992
1.6108843537414965,0.0,0.19519957900047302
1.6137868480725623,0.0,0.19176262617111206
1.6166893424036282,0.0,0.18661288917064667
1.619591836734694,0.0,0.18110229074954987
1.6224943310657596,0.0,0.17960427701473236
1.6253968253968254,0.0,0.17488883435726166
1.6282993197278912,0.0,0.17290526628494263
1.6312018140589568,0.0,0.16904890537261963
1.6341043083900226,0.0,0.16788767278194427
1.6370068027210884,0.0,0.16643886268138885
1.6399092970521543,0.0,0.1656232625246048
1.6428117913832199,0.0,0.16481153666973114
1.6457142857142857,0.0,0.16454297304153442
1.6486167800453515,0.0,0.16449213027954102
1.6515192743764173,0.0,0.16496028006076813
1.654421768707483,0.0,0.16481801867485046
1.6573242630385487,0.0,0.16556265950202942
1.6602267573696146,0.0,0.16528958082199097
1.6631292517006804,0.0,0.1651669591665268
1.666031746031746,0.0,0.16583913564682007
1.6689342403628118,0.0,0.1657012701034546
1.6718367346938776,0.0,0.1669127494096756
1.6747392290249432,0.0,0.1677129715681076
1.677641723356009,0.0,0.16987118124961853
1.6805442176870748,0.0,0.17097707092761993
1.6834467120181407,0.0,0.1730467677116394
1.6863492063492063,0.0,0.1762392818927765
1.689251700680272,0.0,0.1755220890045166
1.692154195011338,0.0,0.17839142680168152
1.6950566893424037,0.0,0.17897284030914307
1.6979591836734693,0.0,0.17944855988025665
1.7008616780045351,0.0,0.1789429932832718
1.703764172335601,0.0,0.17827816307544708
1.7066666666666668,0.0,0.1776197850704193
1.7095691609977324,0.0,0.1745234876871109
1.7124716553287982,0.0,0.17652176320552826
1.715374149659864,0.0,0.17283998429775238
1.7182766439909296,0.0,0.17302802205085754
1.7211791383219954,0.0,0.1733403205871582
1.7240816326530612,0.0,0.1729988008737564
1.726984126984127,0.0,0.17400775849819183
1.7298866213151927,0.0,0.17421308159828186
1.7327891156462585,0.0,0.1758144050836563
1.7356916099773243,0.0,0.175802081823349
1.7385941043083901,0.0,0.1791488528251648
1.7414965986394557,0.0,0.17981022596359253
1.7443990929705215,0.0,0.18156051635742188
1.7473015873015874,0.0,0.1831178218126297
1.750204081632653,0.0,0.18649892508983612
1.7531065759637188,0.0,0.18825770914554596
1.7560090702947846,0.0,0.19116045534610748
1.7589115646258504,0.0,0.19284223020076752
1.761814058956916,0.0,0.1944350302219391
1.7647165532879818,0.0,0.19831840693950653
1.7676190476190476,0.0,0.1981668919324875
1.7705215419501135,0.0,0.20260940492153168
1.773424036281179,0.0,0.20071999728679657
1.7763265306122449,0.0,0.20535151660442352
1.7792290249433107,0.0,0.20645558834075928
1.7821315192743765,0.0,0.20813702046871185
1.7850340136054421,0.0,0.21106620132923126
1.787936507936508,0.0,0.2098575234413147
1.7908390022675738,0.0,0.21648645401000977
1.7937414965986394,0.0,0.21487395465373993
1.7966439909297052,0.0,0.22286249697208405
1.799546485260771,0.0,0.22130683064460754
1.8024489795918368,0.0,0.22686979174613953
1.8053514739229024,0.0,0.2304496020078659
1.8082539682539682,0.0,0.23306819796562195
1.811156462585034,0.0,0.24159744381904602
1.8140589569160999,0.0,0.24021784961223602
1.8169614512471655,0.0,0.2484481781721115
1.8198639455782313,535.4888,0.2476755976676941
1.822766439909297,538.5908,0.2553175389766693
1.825668934240363,538.5908,0.2541225850582123
1.8285714285714285,538.5908,0.25948837399482727
1.8314739229024943,538.5908,0.2612955570220947
1.8343764172335602,538.5908,0.2617235481739044
1.8372789115646257,538.5908,0.26907452940940857
1.8401814058956916,538.5908,0.26617252826690674
1.8430839002267574,538.5908,0.27209389209747314
1.8459863945578232,538.5908,0.26984596252441406
1.8488888888888888,538.5908,0.27712640166282654
1.8517913832199546,538.5908,0.27436813712120056
1.8546938775510204,538.5908,0.279324471950531
1.8575963718820863,538.5908,0.2815100848674774
1.8604988662131519,538.5908,0.2805618643760681
1.8634013605442177,538.5908,0.2882290184497833
1.8663038548752835,538.5908,0.28527283668518066
1.8692063492063493,538.5908,0.29283103346824646
1.872108843537415,538.5908,0.2877334952354431
1.8750113378684807,538.5908,0.29467785358428955
1.8779138321995466,538.5908,0.2916158437728882
1.8808163265306121,538.5908,0.2916445732116699
1.883718820861678,538.5908,0.2930702567100525
1.8866213151927438,538.5908,0.2868615686893463
1.8895238095238096,538.5908,0.2906516492366791
1.8924263038548752,538.5908,0.28272128105163574
1.895328798185941,538.5908,0.2874751091003418
1.8982312925170068,538.5908,0.2784261405467987
1.9011337868480727,538.5908,0.28059256076812744
1.9040362811791383,538.5908,0.2767065167427063
1.906938775510204,538.5908,0.2737959027290344
1.90984126984127,538.5908,0.2772575616836548
1.9127437641723355,538.5908,0.27062633633613586
1.9156462585034013,538.5908,0.2743757367134094
1.9185487528344671,538.5908,0.2688884735107422
1.921451247165533,538.5908,0.2748965919017792
1.9243537414965985,538.5908,0.26925376057624817
1.9272562358276644,538.5908,0.272073358297348
1.9301587301587302,538.5908,0.2716655433177948
1.933061224489796,538.5908,0.26810306310653687
1.9359637188208616,538.5908,0.27324962615966797
1.9388662131519274,538.5908,0.26890039443969727
1.9417687074829932,538.5908,0.27391794323921204
1.944671201814059,538.5908,0.26810821890830994
1.9475736961451247,538.5908,0.27422162890434265
1.9504761904761905,538.5908,0.2711748778820038
1.9533786848072563,538.5908,0.27243098616600037
1.956281179138322,538.5908,0.27562227845191956
1.9591836734693877,538.5908,0.27203941345214844
1.9620861678004535,538.5908,0.2772580087184906
1.9649886621315193,538.5908,0.2735074460506439
1.967891156462585,538.5908,0.2800900936126709
1.9707936507936508,538.5908,0.275384783744812
1.9736961451247166,538.5908,0.28088659048080444
1.9765986394557824,538.5908,0.2812774181365967
1.979501133786848,538.5908,0.28200697898864746
1.9824036281179138,538.5908,0.2884567677974701
1.9853061224489796,538.5908,0.2861117124557495
1.9882086167800455,538.5908,0.2922315299510956
1.991111111111111,538.5908,0.29006633162498474
1.9940136054421769,538.5908,0.2978428304195404
1.9969160997732427,538.5908,0.2959955632686615
1.9998185941043083,538.5908,0.30064961314201355
2.0027210884353743,538.5908,0.30433017015457153
2.00562358276644,538.5908,0.3033839464187622
2.0085260770975055,538.5908,0.31147336959838867
2.0114285714285716,538.5908,0.30949804186820984
2.014331065759637,538.5908,0.3177925944328308
2.0172335600907028,538.5908,0.31420135498046875
2.020136054421769,538.5908,0.32247552275657654
2.0230385487528344,538.5908,0.32245033979415894
2.0259410430839004,538.5908,0.3250170350074768
2.028843537414966,538.5908,0.3317682147026062
2.0317460317460316,538.5908,0.328379362821579
2.0346485260770977,538.5908,0.33638110756874084
2.0375510204081633,538.5908,0.3330094814300537
2.040453514739229,538.5908,0.3426130414009094
2.043356009070295,538.5908,0.33768966794013977
2.0462585034013605,538.5908,0.34435322880744934
2.049160997732426,538.5908,0.34651362895965576
2.052063492063492,538.5908,0.34453487396240234
2.0549659863945577,538.5908,0.353116512298584
2.057868480725624,538.5908,0.34962382912635803
2.0607709750566894,538.5908,0.35810384154319763
2.063673469387755,538.5908,0.35383087396621704
2.066575963718821,538.5908,0.3629373610019684
2.0694784580498866,538.5908,0.36109018325805664
2.072380952380952,538.5908,0.3629990220069885
2.0752834467120183,538.5908,0.3682766854763031
2.078185941043084,538.5908,0.36552828550338745
2.0810884353741494,538.5908,0.37211844325065613
2.0839909297052155,538.5908,0.3689136803150177
2.086893424036281,538.5908,0.37618598341941833
2.089795918367347,538.5908,0.3718663156032562
2.0926984126984127,538.5908,0.37735074758529663
2.0956009070294783,538.5908,0.3784542977809906
2.0985034013605444,538.5908,0.3795282244682312
2.10140589569161,538.5908,0.3865339159965515
2.1043083900226756,538.5908,0.3846186399459839
2.1072108843537416,538.5908,0.39167383313179016
2.110113378684807,538.5908,0.3907567262649536
2.1130158730158732,538.5908,0.4005262851715088
2.115918367346939,538.5908,0.40052473545074463
2.1188208616780044,538.5908,0.4059608578681946
2.1217233560090705,538.5908,0.4106399118900299
2.124625850340136,538.5908,0.4107750654220581
2.1275283446712017,538.5908,0.41915518045425415
2.1304308390022677,538.5908,0.4188787043094635
2.1333333333333333,538.5908,0.42792969942092896
2.136235827664399,538.5908,0.424640953540802
2.139138321995465,538.5908,0.4322861433029175
2.1420408163265305,538.5908,0.43318045139312744
2.1449433106575966,538.5908,0.43735969066619873
2.147845804988662,538.5908,0.44358110427856445
2.1507482993197278,538.5908,0.4423829913139343
2.153650793650794,538.5908,0.4503867030143738
2.1565532879818594,538.5908,0.44664183259010315
2.159455782312925,538.5908,0.4565083980560303
2.162358276643991,538.5908,0.45444196462631226
2.1652607709750566,538.5908,0.4600699245929718
2.1681632653061222,538.5908,0.4609983563423157
2.1710657596371883,538.5908,0.45983731746673584
2.173968253968254,538.5908,0.46734610199928284
2.17687074829932,538.5908,0.46354320645332336
2.1797732426303855,538.5908,0.47224143147468567
2.182675736961451,538.5908,0.4676424264907837
2.185578231292517,538.5908,0.47388526797294617
2.1884807256235828,538.5908,0.4718725085258484
2.1913832199546484,538.5908,0.4741785228252411
2.1942857142857144,538.5908,0.4790947139263153
2.19718820861678,538.5908,0.47443586587905884
2.2000907029478456,538.5908,0.48265740275382996
2.2029931972789116,538.5908,0.4757428467273712
2.2058956916099772,538.5908,0.48290035128593445
2.2087981859410433,538.5908,0.47926560044288635
2.211700680272109,538.5908,0.4825984835624695
2.2146031746031745,538.5908,0.4830574691295624
2.2175056689342405,538.5908,0.47895529866218567
2.220408163265306,538.5908,0.48494574427604675
2.2233106575963717,538.5908,0.4778633415699005
2.2262131519274377,538.5908,0.48471033573150635
2.2291156462585033,538.5908,0.47987109422683716
2.2320181405895694,538.5908,0.4826756715774536
2.234920634920635,538.5908,0.480583131313324
2.2378231292517006,538.5908,0.4793299734592438
2.2407256235827666,538.5908,0.48261091113090515
2.243628117913832,538.5908,0.4769741892814636
2.246530612244898,538.5908,0.4823687672615051
2.249433106575964,538.5908,0.47599172592163086
2.2523356009070294,538.5908,0.4785346984863281
2.255238095238095,538.5908,0.47596943378448486
2.258140589569161,538.5908,0.4766080677509308
2.2610430839002267,538.5908,0.4769305884838104
2.2639455782312927,538.5908,0.471944123506546
2.2668480725623583,538.5908,0.4761577844619751
2.269750566893424,538.5908,0.4692104756832123
2.27265306122449,538.5908,0.47325924038887024
2.2755555555555556,538.5908,0.46982288360595703
2.278458049886621,538.5908,0.4698188304901123
2.281360544217687,538.5908,0.46756497025489807
2.284263038548753,538.5908,0.4649149775505066
2.2871655328798184,538.5908,0.4674585461616516
2.2900680272108844,538.5908,0.4627579152584076
2.29297052154195,538.5908,0.4666406512260437
2.295873015873016,538.5908,0.46237972378730774
2.2987755102040817,538.5908,0.46347999572753906
2.3016780045351473,538.5908,0.46343129873275757
2.3045804988662133,538.5908,0.4653181731700897
2.307482993197279,538.5908,0.46684879064559937
2.3103854875283445,538.5908,0.46446216106414795
2.3132879818594105,538.5908,0.46802327036857605
2.316190476190476,538.5908,0.4656468331813812
2.3190929705215417,538.5908,0.4699331521987915
2.3219954648526078,538.5908,0.47068825364112854
2.3248979591836734,538.5908,0.47150588035583496
2.3278004535147394,538.5908,0.4728487730026245
2.330702947845805,538.5908,0.4727504551410675
2.3336054421768706,538.5908,0.47749650478363037
2.3365079365079366,538.5908,0.4773332178592682
2.3394104308390022,538.5908,0.4824172556400299
2.342312925170068,538.5908,0.48131537437438965
2.345215419501134,538.5908,0.4842519462108612
2.3481179138321995,538.5908,0.48763784766197205
2.3510204081632655,538.5908,0.4902949929237366
2.353922902494331,538.5908,0.49519655108451843
2.3568253968253967,538.5908,0.49427270889282227
2.3597278911564628,538.5908,0.499451607465744
2.3626303854875284,538.5908,0.49859440326690674
2.365532879818594,538.5908,0.5045291781425476
2.36843537414966,538.5908,0.5054815411567688
2.3713378684807256,538.5908,0.5064824819564819
2.374240362811791,538.5908,0.5079591870307922
2.3771428571428572,538.5908,0.5066255927085876
2.380045351473923,538.5908,0.5121431350708008
2.382947845804989,538.5908,0.5097115635871887
2.3858503401360545,538.5908,0.514280378818512
2.38875283446712,538.5908,0.5102466344833374
2.391655328798186,538.5908,0.5127444267272949
2.3945578231292517,538.5908,0.5131093859672546
2.3974603174603173,538.5908,0.5135066509246826
2.4003628117913833,538.5908,0.5166103839874268
2.403265306122449,538.5908,0.5115668773651123
2.4061678004535145,538.5908,0.5154706835746765
2.4090702947845806,538.5908,0.5108761191368103
2.411972789115646,538.5908,0.5156548619270325
2.414875283446712,538.5908,0.512690007686615
2.417777777777778,538.5908,0.5121452808380127
2.4206802721088434,538.5908,0.5119639039039612
2.4235827664399094,538.5908,0.5079134702682495
2.426485260770975,538.5908,0.5123488306999207
2.4293877551020406,538.5908,0.5072637796401978
2.4322902494331067,538.5908,0.5108078122138977
2.4351927437641723,538.5908,0.5049747228622437
2.4380952380952383,538.5908,0.5065090656280518
2.440997732426304,538.5908,0.5056272745132446
2.4439002267573695,538.5908,0.5033554434776306
2.4468027210884356,538.5908,0.5060898661613464
2.449705215419501,538.5908,0.49929413199424744
2.4526077097505667,538.5908,0.5020365118980408
2.455510204081633,538.5908,0.4956296682357788
2.4584126984126984,538.5908,0.49843481183052063
2.461315192743764,538.5908,0.4937761127948761
2.46421768707483,538.5908,0.4909990429878235
2.4671201814058956,538.5908,0.4894068241119385
2.4700226757369617,538.5908,0.4822608530521393
2.4729251700680273,538.5908,0.48557236790657043
2.475827664399093,538.5908,0.4775746464729309
2.478730158730159,538.5908,0.4789239466190338
2.4816326530612245,538.5908,0.47038203477859497
2.48453514739229,538.5908,0.46948447823524475
2.487437641723356,538.5908,0.46499335765838623
2.4903401360544217,538.5908,0.4592137932777405
2.4932426303854873,538.5908,0.45903196930885315
2.4961451247165534,538.5908,0.4470598101615906
2.499047619047619,538.5908,0.44629693031311035
2.501950113378685,538.5908,0.43523940443992615
2.5048526077097506,538.5908,0.4351596534252167
2.507755102040816,538.5908,0.42392557859420776
2.5106575963718822,538.5908,0.41949376463890076
2.513560090702948,538.5908,0.41317784786224365
2.5164625850340134,538.5908,0.40190640091896057
2.5193650793650795,538.5908,0.40321555733680725
2.522267573696145,538.5908,0.39141902327537537
2.5251700680272107,538.5908,0.39224404096603394
2.5280725623582767,538.5908,0.37892085313796997
2.5309750566893423,538.5908,0.3803541362285614
2.5338775510204083,538.5908,0.3715737760066986
2.536780045351474,538.5908,0.36787521839141846
2.5396825396825395,538.5908,0.36769095063209534
2.5425850340136056,538.5908,0.3567034602165222
2.545487528344671,538.5908,0.35847562551498413
2.5483900226757368,538.5908,0.34857913851737976
2.551292517006803,538.5908,0.35414138436317444
2.5541950113378684,538.5908,0.34356382489204407
2.5570975056689345,538.5908,0.3463793396949768
2.56,538.5908,0.3418300747871399
2.5629024943310657,538.5908,0.33619582653045654
2.5658049886621317,538.5908,0.34018516540527344
2.5687074829931973,538.5908,0.33151310682296753
2.571609977324263,538.5908,0.33592602610588074
2.574512471655329,538.5908,0.3252488076686859
2.5774149659863945,538.5908,0.3307465612888336
2.58031746031746,538.5908,0.3232485353946686
2.583219954648526,538.5908,0.32339468598365784
2.5861224489795918,538.5908,0.32395079731941223
2.589024943310658,538.5908,0.3173440396785736
2.5919274376417234,538.5908,0.32281410694122314
2.594829931972789,538.5908,0.3157323896884918
2.597732426303855,538.5908,0.323565810918808
2.6006349206349206,538.5908,0.3155730068683624
2.6035374149659862,538.5908,0.3216780722141266
2.6064399092970523,538.5908,0.3192877769470215
2.609342403628118,538.5908,0.3192931115627289
2.6122448979591835,538.5908,0.3253674805164337
2.6151473922902495,538.5908,0.32054227590560913
2.618049886621315,538.5908,0.3260447084903717
2.620952380952381,538.5908,0.3208369016647339
2.6238548752834467,538.5908,0.32883766293525696
2.6267573696145123,538.5908,0.3228355348110199
2.6296598639455784,538.5908,0.32663679122924805
2.632562358276644,538.5908,0.32674285769462585
2.6354648526077096,538.5908,0.32224294543266296
2.6383673469387756,538.5908,0.32656335830688477
2.641269841269841,538.5908,0.3201104998588562
2.644172335600907,538.5908,0.32449233531951904
2.647074829931973,538.5908,0.3144579827785492
2.6499773242630384,538.5908,0.318681925535202
2.6528798185941045,538.5908,0.3115393817424774
2.65578231292517,538.5908,0.30876022577285767
2.6586848072562357,538.5908,0.3078550696372986
2.6615873015873017,538.5908,0.30007532238960266
2.6644897959183673,538.5908,0.30223965644836426
2.667392290249433,538.5908,0.29279667139053345
2.670294784580499,538.5908,0.29793068766593933
2.6731972789115646,538.5908,0.2874239683151245
2.6760997732426306,538.5908,0.29020264744758606
2.679002267573696,538.5908,0.28519612550735474
2.681904761904762,538.5908,0.28233015537261963
2.684807256235828,538.5908,0.2850216031074524
2.6877097505668934,538.5908,0.27849069237709045
2.690612244897959,538.5908,0.28228238224983215
2.693514739229025,538.5908,0.27499788999557495
2.6964172335600907,538.5908,0.2818062901496887
2.6993197278911563,538.5908,0.27535080909729004
2.7022222222222223,538.5908,0.2783055901527405
2.705124716553288,538.5908,0.2779543399810791
2.708027210884354,538.5908,0.27556541562080383
2.7109297052154195,538.5908,0.2804003059864044
2.713832199546485,538.5908,0.2764216959476471
2.716734693877551,538.5908,0.2828257977962494
2.7196371882086168,538.5908,0.27661874890327454
2.7225396825396824,538.5908,0.28341659903526306
2.7254421768707484,538.5908,0.28034552931785583
2.728344671201814,538.5908,0.28262096643447876
2.7312471655328796,538.5908,0.2849839925765991
2.7341496598639456,538.5908,0.28206178545951843
2.7370521541950112,538.5908,0.2864748239517212
2.7399546485260773,538.5908,0.2827548384666443
2.742857142857143,538.5908,0.28978076577186584
2.7457596371882085,538.5908,0.28427854180336
2.7486621315192745,538.5908,0.28946468234062195
2.75156462585034,538.5908,0.28808996081352234
2.7544671201814057,538.5908,0.2878713011741638
2.7573696145124718,538.5908,0.2922998070716858
2.7602721088435374,538.5908,0.28906527161598206
2.7631746031746034,538.5908,0.2932204604148865
2.766077097505669,538.5908,0.28839561343193054
2.7689795918367346,538.5908,0.2949793040752411
2.7718820861678006,538.5908,0.29091277718544006
2.7747845804988662,538.5908,0.293777734041214
2.777687074829932,538.5908,0.2946775555610657
2.780589569160998,538.5908,0.29282620549201965
2.7834920634920635,538.5908,0.29792940616607666
2.786394557823129,538.5908,0.2955555021762848
2.789297052154195,538.5908,0.30216550827026367
2.7921995464852607,538.5908,0.2977563440799713
2.7951020408163267,538.5908,0.30459216237068176
2.7980045351473923,538.5908,0.30366551876068115
2.800907029478458,538.5908,0.3060934841632843
2.803809523809524,538.5908,0.31057000160217285
2.8067120181405896,538.5908,0.30872994661331177
2.809614512471655,538.5908,0.3135853111743927
2.812517006802721,538.5908,0.3115851879119873
2.815419501133787,538.5908,0.3193210959434509
2.8183219954648524,538.5908,0.3152097761631012
2.8212244897959184,538.5908,0.32100698351860046
2.824126984126984,538.5908,0.32256191968917847
2.82702947845805,538.5908,0.3226586878299713
2.8299319727891157,538.5908,0.3294018507003784
2.8328344671201813,538.5908,0.3283189833164215
2.8357369614512473,538.5908,0.33513838052749634
2.838639455782313,538.5908,0.3316296935081482
2.8415419501133785,538.5908,0.3400822579860687
2.8444444444444446,538.5908,0.3383003771305084
2.84734693877551,538.5908,0.34098926186561584
2.8502494331065757,538.5908,0.34328991174697876
2.853151927437642,538.5908,0.34107446670532227
2.8560544217687074,538.5908,0.34634560346603394
2.8589569160997734,538.5908,0.34254831075668335
2.861859410430839,538.5908,0.34910935163497925
2.8647619047619046,538.5908,0.3426607847213745
2.8676643990929707,538.5908,0.3472180962562561
2.8705668934240363,538.5908,0.34452763199806213
2.873469387755102,538.5908,0.3444141447544098
2.876371882086168,538.5908,0.34684357047080994
2.8792743764172335,538.5908,0.3412422835826874
2.8821768707482995,538.5908,0.3434576094150543
2.885079365079365,538.5908,0.3372526168823242
2.8879818594104307,538.5908,0.34287524223327637
2.8908843537414968,538.5908,0.3355397880077362
2.8937868480725624,538.5908,0.33780577778816223
2.896689342403628,538.5908,0.33610254526138306
2.899591836734694,538.5908,0.33191654086112976
2.9024943310657596,538.5908,0.3356805443763733
2.905396825396825,538.5908,0.3307446241378784
2.9082993197278912,538.5908,0.3351409137248993
2.911201814058957,538.5908,0.3274371922016144
2.914104308390023,538.5908,0.3334074914455414
2.9170068027210885,538.5908,0.328823059797287
2.919909297052154,538.5908,0.32883521914482117
2.92281179138322,538.5908,0.3301619589328766
2.9257142857142857,538.5908,0.32520154118537903
2.9286167800453513,538.5908,0.32822147011756897
2.9315192743764173,538.5908,0.3216003179550171
2.934421768707483,538.5908,0.3267647325992584
2.9373242630385485,538.5908,0.3175828754901886
2.9402267573696146,538.5908,0.31979042291641235
2.94312925170068,538.5908,0.3147251307964325
2.9460317460317462,538.5908,0.3108770251274109
2.948934240362812,538.5908,0.3113696277141571
2.9518367346938774,538.5908,0.3033716380596161
2.9547392290249435,538.5908,0.30400076508522034
2.957641723356009,538.5908,0.29409274458885193
2.9605442176870747,538.5908,0.29712772369384766
2.9634467120181407,538.5908,0.28839877247810364
2.9663492063492063,538.5908,0.2877010107040405
2.969251700680272,538.5908,0.2840089499950409
2.972154195011338,538.5908,0.2780061960220337
2.9750566893424035,538.5908,0.27923500537872314
2.9779591836734696,538.5908,0.2718096077442169
2.980861678004535,538.5908,0.2750305235385895
2.9837641723356008,538.5908,0.2662234306335449
2.986666666666667,538.5908,0.26914694905281067
2.9895691609977324,538.5908,0.2646987736225128
2.992471655328798,538.5908,0.2637781798839569
2.995374149659864,538.5908,0.26481398940086365
2.9982766439909296,538.5908,0.260405957698822
3.0011791383219957,538.5908,0.26392897963523865
3.0040816326530613,538.5908,0.25899842381477356
3.006984126984127,538.5908,0.2649851143360138
3.009886621315193,538.5908,0.2597927749156952
3.0127891156462585,538.5908,0.2639734148979187
3.015691609977324,538.5908,0.2634255588054657
3.01859410430839,538.5908,0.2634972333908081
3.0214965986394557,538.5908,0.2689409852027893
3.0243990929705213,538.5908,0.26659151911735535
3.0273015873015874,538.5908,0.271472692489624
3.030204081632653,538.5908,0.268837571144104
3.033106575963719,538.5908,0.2759096622467041
3.0360090702947846,538.5908,0.2740310728549957
3.03891156462585,538.5908,0.2769942581653595
3.0418140589569163,538.5908,0.27797749638557434
3.044716553287982,538.5908,0.2764328420162201
3.0476190476190474,538.5908,0.2810838222503662
3.0505215419501135,538.5908,0.2780560553073883
3.053424036281179,538.5908,0.282543420791626
3.0563265306122447,538.5908,0.27699729800224304
3.0592290249433107,538.5908,0.28082188963890076
3.0621315192743763,538.5908,0.2784431278705597
3.0650340136054424,538.5908,0.2785845398902893
3.067936507936508,538.5908,0.2795231342315674
3.0708390022675736,538.5908,0.2751169800758362
3.0737414965986396,538.5908,0.2776379883289337
3.076643990929705,538.5908,0.2717910408973694
3.079546485260771,538.5908,0.27580687403678894
3.082448979591837,538.5908,0.267615407705307
3.0853514739229024,538.5908,0.26926177740097046
3.0882539682539685,538.5908,0.26463884115219116
3.091156462585034,538.5908,0.2618051767349243
3.0940589569160997,538.5908,0.2622307538986206
3.0969614512471657,538.5908,0.2562684118747711
3.0998639455782313,538.5908,0.2576265037059784
3.102766439909297,538.5908,0.2500259578227997
3.105668934240363,538.5908,0.2550191879272461
3.1085714285714285,538.5908,0.24891765415668488
3.111473922902494,538.5908,0.2502121925354004
3.11437641723356,538.5908,0.24668675661087036
3.1172789115646258,538.5908,0.2454371154308319
3.120181405895692,538.5908,0.2485044002532959
3.1230839002267574,538.5908,0.24492192268371582
3.125986394557823,538.5908,0.24988703429698944
3.128888888888889,538.5908,0.24443607032299042
3.1317913832199546,538.5908,0.24978332221508026
3.1346938775510202,538.5908,0.24814032018184662
3.1375963718820863,538.5908,0.25150617957115173
3.140498866213152,538.5908,0.2525046467781067
3.1434013605442175,538.5908,0.25107479095458984
3.1463038548752835,538.5908,0.25528329610824585
3.149206349206349,538.5908,0.252162903547287
3.152108843537415,538.5908,0.25879162549972534
3.1550113378684808,538.5908,0.253628671169281
3.1579138321995464,538.5908,0.25866857171058655
3.1608163265306124,535.4888,0.25816383957862854
3.163718820861678,538.5908,0.2593279778957367
3.1666213151927436,538.5908,0.2628149092197418
3.1695238095238096,538.5908,0.2606635093688965
3.1724263038548752,538.5908,0.2655574083328247
3.175328798185941,535.4888,0.2618304193019867
3.178231292517007,538.5908,0.26899993419647217
3.1811337868480725,538.5908,0.26562345027923584
3.1840362811791385,538.5908,0.26903825998306274
3.186938775510204,538.5908,0.2687021493911743
3.1898412698412697,538.5908,0.2692584991455078
3.1927437641723357,538.5908,0.27418315410614014
3.1956462585034013,538.5908,0.27259767055511475
3.198548752834467,538.5908,0.27713778614997864
3.201451247165533,538.5908,0.2745293974876404
3.2043537414965986,538.5908,0.28036949038505554
3.2072562358276646,538.5908,0.27979665994644165
3.21015873015873,538.5908,0.2825177311897278
3.213061224489796,538.5908,0.2841293215751648
3.215963718820862,538.5908,0.28409260511398315
3.2188662131519274,538.5908,0.28885790705680847
3.221768707482993,538.5908,0.28890520334243774
3.224671201814059,538.5908,0.2950793206691742
3.2275736961451247,538.5908,0.2936864197254181
3.2304761904761903,538.5908,0.2995968163013458
3.2333786848072563,538.5908,0.30282825231552124
3.236281179138322,538.5908,0.3065958023071289
3.239183673469388,538.5908,0.31201764941215515
3.2420861678004536,538.5908,0.3135303854942322
3.244988662131519,538.5908,0.3202325999736786
3.247891156462585,538.5908,0.3223460614681244
3.250793650793651,538.5908,0.33022621273994446
3.2536961451247164,538.5908,0.330228716135025
3.2565986394557824,538.5908,0.3355792462825775
3.259501133786848,538.5908,0.3390858769416809
3.2624036281179136,538.5908,0.34152844548225403
3.2653061224489797,538.5908,0.34851792454719543
3.2682086167800453,538.5908,0.3492922782897949
3.2711111111111113,538.5908,0.35605183243751526
3.274013605442177,538.5908,0.35654014348983765
3.2769160997732425,538.5908,0.36586764454841614
3.2798185941043085,538.5908,0.36867251992225647
3.282721088435374,538.5908,0.37450864911079407
3.2856235827664397,538.5908,0.38011977076530457
3.2885260770975058,538.5908,0.38333556056022644
3.2914285714285714,538.5908,0.3925730884075165
3.294331065759637,538.5908,0.39513158798217773
3.297233560090703,538.5908,0.40405184030532837
3.3001360544217686,538.5908,0.4037003517150879
3.3030385487528346,538.5908,0.4112273156642914
3.3059410430839002,538.5908,0.41421541571617126
3.308843537414966,538.5908,0.4175715148448944
3.311746031746032,538.5908,0.42170169949531555
3.3146485260770975,538.5908,0.42048168182373047
3.317551020408163,538.5908,0.4222539961338043
3.320453514739229,538.5908,0.4201032519340515
3.3233560090702947,538.5908,0.4242786765098572
3.3262585034013608,538.5908,0.4191899001598358
3.3291609977324264,538.5908,0.41950270533561707
3.332063492063492,538.5908,0.4184315800666809
3.334965986394558,538.5908,0.41454410552978516
3.3378684807256236,538.5908,0.4161747992038727
3.340770975056689,538.5908,0.41336092352867126
3.3436734693877552,538.5908,0.41446879506111145
3.346575963718821,538.5908,0.40904808044433594
3.3494784580498864,538.5908,0.41248393058776855
3.3523809523809525,538.5908,0.40998202562332153
3.355283446712018,538.5908,0.4093836545944214
3.358185941043084,538.5908,0.4122788608074188
3.3610884353741497,538.5908,0.4086931347846985
3.3639909297052153,538.5908,0.41115322709083557
3.3668934240362813,538.5908,0.40919700264930725
3.369795918367347,538.5908,0.41486620903015137
3.3726984126984125,538.5908,0.4111239016056061
3.3756009070294786,538.5908,0.41446807980537415
3.378503401360544,538.5908,0.41569140553474426
3.3814058956916098,538.5908,0.41429242491722107
3.384308390022676,538.5908,0.4199070334434509
3.3872108843537414,538.5908,0.4187890589237213
3.3901133786848074,538.5908,0.42292994260787964
3.393015873015873,538.5908,0.4198540151119232
3.3959183673469386,538.5908,0.4266452491283417
3.3988208616780047,538.5908,0.4268744885921478
3.4017233560090703,538.5908,0.4295133352279663
3.404625850340136,538.5908,0.43514570593833923
3.407528344671202,538.5908,0.4340224266052246
3.4104308390022675,538.5908,0.4393782615661621
3.4133333333333336,538.5908,0.4400758147239685
3.416235827664399,538.5908,0.44749176502227783
3.4191383219954647,538.5908,0.445787250995636
3.422040816326531,538.5908,0.4505310654640198
3.4249433106575964,538.5908,0.4527936577796936
3.427845804988662,538.5908,0.4533262550830841
3.430748299319728,538.5908,0.459357351064682
3.4336507936507936,538.5908,0.4591592252254486
3.436553287981859,538.5908,0.46325773000717163
3.4394557823129253,538.5908,0.46111389994621277
3.442358276643991,538.5908,0.46716731786727905
3.445260770975057,538.5908,0.467011421918869
3.4481632653061225,538.5908,0.46821683645248413
3.451065759637188,538.5908,0.4711056351661682
3.453968253968254,538.5908,0.4690890312194824
3.4568707482993197,538.5908,0.4724070429801941
3.4597732426303853,538.5908,0.47148916125297546
3.4626757369614514,538.5908,0.4762430787086487
3.465578231292517,538.5908,0.4717174470424652
3.4684807256235826,538.5908,0.4743213355541229
3.4713832199546486,538.5908,0.4744304120540619
3.474285714285714,538.5908,0.47284460067749023
3.4771882086167802,538.5908,0.4761595129966736
3.480090702947846,538.5908,0.47363752126693726
3.4829931972789114,538.5908,0.4752386212348938
3.4858956916099775,538.5908,0.47118720412254333
3.488798185941043,538.5908,0.4759814441204071
3.4917006802721087,538.5908,0.47316932678222656
3.4946031746031747,538.5908,0.47293463349342346
3.4975056689342403,538.5908,0.4737156331539154
3.500408163265306,538.5908,0.4704738259315491
3.503310657596372,538.5908,0.47210660576820374
3.5062131519274375,538.5908,0.47027871012687683
3.5091156462585036,538.5908,0.47322121262550354
3.512018140589569,538.5908,0.46765726804733276
3.514920634920635,538.5908,0.46918222308158875
3.517823129251701,538.5908,0.46829190850257874
3.5207256235827664,538.5908,0.46664971113204956
3.523628117913832,538.5908,0.4682405889034271
3.526530612244898,538.5908,0.4655585289001465
3.5294331065759637,538.5908,0.4658655524253845
3.5323356009070297,538.5908,0.46279412508010864
3.5352380952380953,538.5908,0.4674142599105835
3.538140589569161,538.5908,0.46527644991874695
3.541043083900227,538.5908,0.46576306223869324
3.5439455782312925,538.5908,0.4659181535243988
3.546848072562358,538.5908,0.4640401303768158
3.549750566893424,538.5908,0.46650728583335876
3.5526530612244898,538.5908,0.4654589295387268
3.5555555555555554,538.5908,0.4680662751197815
3.5584580498866214,538.5908,0.4627344310283661
3.561360544217687,538.5908,0.4644465446472168
3.564263038548753,538.5908,0.4635162055492401
3.5671655328798186,538.5908,0.4631491005420685
3.5700680272108842,538.5908,0.46409571170806885
3.5729705215419503,538.5908,0.46124267578125
3.575873015873016,538.5908,0.46075940132141113
3.5787755102040815,538.5908,0.4571327865123749
3.5816780045351475,538.5908,0.4607270359992981
3.584580498866213,538.5908,0.45731648802757263
3.5874829931972787,538.5908,0.45655474066734314
3.5903854875283447,538.5908,0.4548233151435852
3.5932879818594103,538.5908,0.45227888226509094
3.5961904761904764,538.5908,0.4528501033782959
3.599092970521542,538.5908,0.45141932368278503
3.6019954648526076,538.5908,0.45280206203460693
3.6048979591836736,538.5908,0.4479590356349945
3.607800453514739,538.5908,0.449285626411438
3.610702947845805,538.5908,0.4488888084888458
3.613605442176871,538.5908,0.4495847821235657
3.6165079365079364,538.5908,0.4510365128517151
3.619410430839002,538.5908,0.44974952936172485
3.622312925170068,538.5908,0.45084503293037415
3.6252154195011337,538.5908,0.44955533742904663
3.6281179138321997,538.5908,0.4545697867870331
3.6310204081632653,538.5908,0.45421862602233887
3.633922902494331,538.5908,0.4549919366836548
3.636825396825397,538.5908,0.45531877875328064
3.6397278911564626,538.5908,0.4548574686050415
3.642630385487528,538.5908,0.45762473344802856
3.645532879818594,538.5908,0.4580080211162567
3.64843537414966,538.5908,0.4602648913860321
3.651337868480726,538.5908,0.4566684067249298
3.6542403628117914,538.5908,0.4581775665283203
3.657142857142857,538.5908,0.45892906188964844
3.660045351473923,538.5908,0.45855969190597534
3.6629478458049887,538.5908,0.4600811302661896
3.6658503401360543,538.5908,0.45713838934898376
3.6687528344671203,538.5908,0.4569678008556366
3.671655328798186,538.5908,0.4538462162017822
3.6745578231292515,538.5908,0.45643576979637146
3.6774603174603175,538.5908,0.45326346158981323
3.680362811791383,538.5908,0.4508913457393646
3.683265306122449,538.5908,0.4496033489704132
3.6861678004535148,538.5908,0.4447571635246277
3.6890702947845804,538.5908,0.4468062222003937
3.6919727891156464,538.5908,0.4437011778354645
3.694875283446712,538.5908,0.4444006383419037
3.6977777777777776,538.5908,0.43868744373321533
3.7006802721088436,538.5908,0.43976911902427673
3.7035827664399092,538.5908,0.4385649859905243
3.706485260770975,538.5908,0.43681758642196655
3.709387755102041,538.5908,0.43926340341567993
3.7122902494331065,538.5908,0.4344545304775238
3.7151927437641725,538.5908,0.4354803264141083
3.718095238095238,538.5908,0.43243926763534546
3.7209977324263037,538.5908,0.43744710087776184
3.7239002267573698,538.5908,0.43341657519340515
3.7268027210884354,538.5908,0.43437114357948303
3.729705215419501,538.5908,0.43496978282928467
3.732607709750567,538.5908,0.4315975308418274
3.7355102040816326,538.5908,0.43631258606910706
3.7384126984126986,538.5908,0.43430188298225403
3.7413151927437642,538.5908,0.4379475712776184
3.74421768707483,538.5908,0.43231484293937683
3.747120181405896,538.5908,0.4371854066848755
3.7500226757369615,538.5908,0.4355652928352356
3.752925170068027,538.5908,0.4350835382938385
3.755827664399093,538.5908,0.4381806254386902
3.7587301587301587,538.5908,0.43349334597587585
3.7616326530612243,538.5908,0.43491649627685547
3.7645351473922903,538.5908,0.43104293942451477
3.767437641723356,538.5908,0.4361892342567444
3.770340136054422,538.5908,0.4292914867401123
3.7732426303854876,538.5908,0.4307621717453003
3.776145124716553,538.5908,0.42952677607536316
3.779047619047619,538.5908,0.42509186267852783
3.781950113378685,538.5908,0.42751985788345337
3.7848526077097504,538.5908,0.42337459325790405
3.7877551020408164,538.5908,0.42478442192077637
3.790657596371882,538.5908,0.4170026481151581
3.7935600907029476,538.5908,0.4207780957221985
3.7964625850340137,538.5908,0.41553208231925964
3.7993650793650793,538.5908,0.4134646952152252
3.8022675736961453,538.5908,0.41321128606796265
3.805170068027211,538.5908,0.407760351896286
3.8080725623582765,538.5908,0.40830132365226746
3.8109750566893426,538.5908,0.40334123373031616
3.813877551020408,538.5908,0.4067016839981079
3.8167800453514737,538.5908,0.39906707406044006
3.81968253968254,538.5908,0.4011678695678711
3.8225850340136054,538.5908,0.3992661237716675
3.825487528344671,538.5908,0.3960837721824646
3.828390022675737,538.5908,0.39782214164733887
3.8312925170068026,538.5908,0.39424464106559753
3.8341950113378687,538.5908,0.3950260877609253
3.8370975056689343,538.5908,0.3896397054195404
3.84,538.5908,0.3942760229110718
3.842902494331066,538.5908,0.3893481492996216
3.8458049886621315,538.5908,0.38946276903152466
3.848707482993197,538.5908,0.38941434025764465
3.851609977324263,538.5908,0.3850765526294708
3.8545124716553287,538.5908,0.38703033328056335
3.8574149659863948,538.5908,0.38444840908050537
3.8603174603174604,538.5908,0.3878484070301056
3.863219954648526,538.5908,0.38129979372024536
3.866122448979592,538.5908,0.3850785791873932
3.8690249433106576,538.5908,0.38226041197776794
3.871927437641723,538.5908,0.3818759024143219
3.8748299319727892,538.5908,0.38386908173561096
3.877732426303855,538.5908,0.3812553286552429
3.8806349206349204,538.5908,0.3811487853527069
3.8835374149659865,538.5908,0.377921998500824
3.886439909297052,538.5908,0.38329461216926575
3.889342403628118,538.5908,0.37666645646095276
3.8922448979591837,538.5908,0.379299134016037
3.8951473922902493,538.5908,0.3777588903903961
3.8980498866213154,538.5908,0.3754226267337799
3.900952380952381,538.5908,0.37669235467910767
3.9038548752834465,538.5908,0.3755115568637848
3.9067573696145126,538.5908,0.3779168128967285
3.909659863945578,538.5908,0.3711821436882019
3.912562358276644,538.5908,0.37707629799842834
3.91546485260771,538.5908,0.372916579246521
3.9183673469387754,538.5908,0.3739619851112366
3.9212698412698415,538.5908,0.37411707639694214
3.924172335600907,538.5908,0.37220409512519836
3.9270748299319727,538.5908,0.37223073840141296
3.9299773242630387,538.5908,0.368884801864624
3.9328798185941043,538.5908,0.3742104768753052
3.93578231292517,538.5908,0.36669644713401794
3.938684807256236,538.5908,0.3702983558177948
3.9415873015873015,538.5908,0.36710143089294434
3.944489795918367,538.5908,0.36624419689178467
3.947392290249433,538.5908,0.3657121956348419
3.9502947845804988,538.5908,0.3632383644580841
3.953197278911565,538.5908,0.3632740080356598
3.9560997732426304,538.5908,0.3569241762161255
3.959002267573696,538.5908,0.36174747347831726
3.961904761904762,538.5908,0.35495492815971375
3.9648072562358276,538.5908,0.3555106818675995
3.9677097505668932,538.5908,0.3525386154651642
3.9706122448979593,538.5908,0.3500860333442688
3.973514739229025,538.5908,0.34920066595077515
3.976417233560091,538.5908,0.3453465700149536
3.9793197278911565,538.5908,0.3468184471130371
3.982222222222222,538.5908,0.338758260011673
3.985124716553288,538.5908,0.3418170213699341
3.9880272108843537,538.5908,0.33636537194252014
3.9909297052154193,538.5908,0.3366488814353943
3.9938321995464854,538.5908,0.3341609835624695
3.996734693877551,538.5908,0.3323902487754822
3.9996371882086166,538.5908,0.33055850863456726
4.002539682539682,538.5908,0.3269643485546112
4.005442176870749,538.5908,0.33007729053497314
4.008344671201814,538.5908,0.32383960485458374
4.01124716553288,538.5908,0.3260633051395416
4.0141496598639455,538.5908,0.32283204793930054
4.017052154195011,538.5908,0.3234407305717468
4.0199546485260775,538.5908,0.3222062885761261
4.022857142857143,538.5908,0.3219050467014313
4.025759637188209,538.5908,0.3214923143386841
4.028662131519274,538.5908,0.31842055916786194
4.03156462585034,538.5908,0.3220784366130829
4.0344671201814055,538.5908,0.3194149434566498
4.037369614512472,538.5908,0.3208460807800293
4.040272108843538,538.5908,0.3194458484649658
4.043174603174603,538.5908,0.32091084122657776
4.046077097505669,538.5908,0.3218800127506256
4.048979591836734,538.5908,0.32289981842041016
4.051882086167801,538.5908,0.3255334198474884
4.0547845804988665,538.5908,0.32253023982048035
4.057687074829932,538.5908,0.3257078528404236
4.060589569160998,538.5908,0.32528048753738403
4.063492063492063,538.5908,0.32735177874565125
4.066394557823129,538.5908,0.3271331787109375
4.069297052154195,538.5908,0.32804638147354126
4.072199546485261,538.5908,0.3281670808792114
4.0751020408163265,538.5908,0.32768014073371887
4.078004535147392,538.5908,0.33142104744911194
4.080907029478458,538.5908,0.32900840044021606
4.083809523809524,538.5908,0.3306105434894562
4.08671201814059,538.5908,0.33021801710128784
4.089614512471655,538.5908,0.3317341208457947
4.092517006802721,538.5908,0.3326738774776459
4.095419501133787,538.5908,0.3339305520057678
4.098321995464852,538.5908,0.3346005976200104
4.101224489795919,538.5908,0.33385545015335083
4.104126984126984,538.5908,0.3382740616798401
4.10702947845805,538.5908,0.33785417675971985
4.1099319727891155,538.5908,0.33930137753486633
4.112834467120181,538.5908,0.33862724900245667
4.115736961451248,538.5908,0.3390263617038727
4.118639455782313,538.5908,0.3401907682418823
4.121541950113379,538.5908,0.34066468477249146
4.124444444444444,538.5908,0.3433777391910553
4.12734693877551,538.5908,0.3396638035774231
4.1302494331065756,538.5908,0.34269753098487854
4.133151927437642,538.5908,0.3427801728248596
4.136054421768708,538.5908,0.3448580801486969
4.138956916099773,538.5908,0.3458107113838196
4.141859410430839,538.5908,0.34621673822402954
4.144761904761904,538.5908,0.34731751680374146
4.147664399092971,538.5908,0.3463270366191864
4.1505668934240365,538.5908,0.35126808285713196
4.153469387755102,538.5908,0.348070353269577
4.156371882086168,538.5908,0.350218802690506
4.159274376417233,538.5908,0.3498733341693878
4.162176870748299,538.5908,0.3502815365791321
4.165079365079365,538.5908,0.35102564096450806
4.167981859410431,538.5908,0.3506348729133606
4.170884353741497,538.5908,0.35080769658088684
4.173786848072562,538.5908,0.347621887922287
4.176689342403628,538.5908,0.3510996997356415
4.179591836734694,538.5908,0.348145455121994
4.18249433106576,538.5908,0.3479067385196686
4.1853968253968254,538.5908,0.34585991501808167
4.188299319727891,538.5908,0.34405556321144104
4.191201814058957,538.5908,0.3444238007068634
4.194104308390022,538.5908,0.3420156240463257
4.197006802721089,538.5908,0.34353241324424744
4.199909297052154,538.5908,0.3370741903781891
4.20281179138322,538.5908,0.33825966715812683
4.2057142857142855,538.5908,0.33486291766166687
4.208616780045351,538.5908,0.3334887623786926
4.211519274376418,538.5908,0.33132487535476685
4.214421768707483,538.5908,0.3269040584564209
4.217324263038549,538.5908,0.32504773139953613
4.220226757369614,538.5908,0.319144606590271
4.22312925170068,538.5908,0.3210848271846771
4.2260317460317465,538.5908,0.3131667673587799
4.228934240362812,538.5908,0.3120480179786682
4.231836734693878,538.5908,0.3075375556945801
4.234739229024943,538.5908,0.3037678003311157
4.237641723356009,538.5908,0.30128636956214905
4.2405442176870745,538.5908,0.2964303493499756
4.243446712018141,538.5908,0.2943543791770935
4.2463492063492065,538.5908,0.28737491369247437
4.249251700680272,538.5908,0.2892984449863434
4.252154195011338,538.5908,0.28385812044143677
4.255056689342403,538.5908,0.2823472321033478
4.25795918367347,538.5908,0.2791273891925812
4.260861678004535,538.5908,0.2760005295276642
4.263764172335601,538.5908,0.27579233050346375
4.266666666666667,538.5908,0.27181580662727356
4.269569160997732,538.5908,0.2735663950443268
4.272471655328798,538.5908,0.26621171832084656
4.275374149659864,538.5908,0.2681639492511749
4.27827664399093,538.5908,0.2653488516807556
4.2811791383219955,538.5908,0.2647990584373474
4.284081632653061,538.5908,0.2638513147830963
4.286984126984127,0.0,0.26063981652259827
4.289886621315193,0.0,0.2616545855998993
4.292789115646259,0.0,0.2562982439994812
4.295691609977324,0.0,0.26059696078300476
4.29859410430839,0.0,0.2539747357368469
4.3014965986394555,0.0,0.25599291920661926
4.304399092970521,0.0,0.25397732853889465
4.307301587301588,0.0,0.2536611557006836
4.310204081632653,0.0,0.2547388970851898
4.313106575963719,0.0,0.25277671217918396
4.316009070294784,0.0,0.2553291618824005
4.31891156462585,0.0,0.25198686122894287
4.3218140589569165,0.0,0.2576650083065033
4.324716553287982,0.0,0.2547714412212372
4.327619047619048,0.0,0.25679975748062134
4.330521541950113,0.0,0.25639650225639343
4.333424036281179,0.0,0.25707051157951355
4.3363265306122445,0.0,0.2598430812358856
4.339229024943311,0.0,0.25837042927742004
4.342131519274377,0.0,0.2611209750175476
4.345034013605442,0.0,0.25706419348716736
4.347936507936508,0.0,0.26094064116477966
4.350839002267573,0.0,0.25893568992614746
4.35374149659864,0.0,0.25970518589019775
4.3566439909297054,0.0,0.25877559185028076
4.359546485260771,0.0,0.25589221715927124
4.362448979591837,0.0,0.25779402256011963
4.365351473922902,0.0,0.25327959656715393
4.368253968253968,0.0,0.2567678391933441
4.371156462585034,0.0,0.24953080713748932
4.3740589569161,0.0,0.25143203139305115
4.3769614512471655,0.0,0.247908353805542
4.379863945578231,0.0,0.24640490114688873
4.382766439909297,0.0,0.2454797327518463
4.385668934240363,0.0,0.24067233502864838
4.388571428571429,0.0,0.24217839539051056
4.391473922902494,0.0,0.23492535948753357
4.39437641723356,0.0,0.23891395330429077
4.397278911564626,0.0,0.23230193555355072
4.400181405895691,0.0,0.23386667668819427
4.403083900226758,0.0,0.23101802170276642
4.405986394557823,0.0,0.23049747943878174
4.408888888888889,0.0,0.23155879974365234
4.4117913832199545,0.0,0.22911646962165833
4.41469387755102,0.0,0.2327578365802765
4.4175963718820865,0.0,0.2292654663324356
4.420498866213152,0.0,0.23417255282402039
4.423401360544218,0.0,0.2316497564315796
4.426303854875283,0.0,0.23394370079040527
4.429206349206349,0.0,0.23336359858512878
4.4321088435374145,0.0,0.234144389629364
4.435011337868481,0.0,0.23650966584682465
4.437913832199547,0.0,0.23507407307624817
4.440816326530612,0.0,0.2380051463842392
4.443718820861678,0.0,0.23604770004749298
4.446621315192743,0.0,0.23852136731147766
4.44952380952381,0.0,0.23787394165992737
4.4524263038548755,0.0,0.23912815749645233
4.455328798185941,0.0,0.23840758204460144
4.458231292517007,0.0,0.2383115142583847
4.461133786848072,0.0,0.24112242460250854
4.464036281179139,0.0,0.2396295666694641
4.466938775510204,0.0,0.24223923683166504
4.46984126984127,0.0,0.2419651746749878
4.4727437641723355,0.0,0.2449222356081009
4.475646258503401,0.0,0.24585890769958496
4.478548752834467,0.0,0.24852636456489563
4.481451247165533,0.0,0.2507149279117584
4.484353741496599,0.0,0.2513221800327301
4.487256235827664,0.0,0.25597745180130005
4.49015873015873,0.0,0.2556670010089874
4.493061224489796,0.0,0.26042458415031433
4.495963718820862,0.0,0.260857492685318
4.498866213151928,0.0,0.26626724004745483
4.501768707482993,0.0,0.26890453696250916
4.504671201814059,535.4888,0.27241116762161255
4.5075736961451245,535.4888,0.2776719629764557
4.51047619047619,535.4888,0.27895691990852356
4.513378684807257,535.4888,0.28603482246398926
4.516281179138322,535.4888,0.2864144444465637
4.519183673469388,535.4888,0.293838769197464
4.522086167800453,535.4888,0.29251059889793396
4.524988662131519,535.4888,0.2986013889312744
4.527891156462585,538.5908,0.3006230592727661
4.530793650793651,538.5908,0.301884263753891
4.533696145124717,538.5908,0.306302934885025
4.536598639455782,538.5908,0.3049538731575012
4.539501133786848,538.5908,0.31019410490989685
4.542403628117913,538.5908,0.3072267472743988
4.54530612244898,538.5908,0.31412166357040405
4.5482086167800455,538.5908,0.3101154863834381
4.551111111111111,538.5908,0.3134865462779999
4.554013605442177,538.5908,0.3146355450153351
4.556916099773242,538.5908,0.3149382770061493
4.559818594104309,538.5908,0.31932735443115234
4.562721088435374,538.5908,0.3174997866153717
4.56562358276644,538.5908,0.32229849696159363
4.568526077097506,538.5908,0.3198434114456177
4.571428571428571,538.5908,0.3265777826309204
4.574331065759637,538.5908,0.3258775770664215
4.577233560090703,538.5908,0.3282735049724579
4.580136054421769,538.5908,0.3305502235889435
4.5830385487528345,538.5908,0.3314322829246521
4.5859410430839,538.5908,0.33714187145233154
4.588843537414966,538.5908,0.33816227316856384
4.591746031746032,538.5908,0.3440265655517578
4.594648526077098,538.5908,0.34359320998191833
4.597551020408163,538.5908,0.3510147035121918
4.600453514739229,538.5908,0.3550938665866852
4.6033560090702945,538.5908,0.3598317801952362
4.60625850340136,538.5908,0.3645569980144501
4.609160997732427,538.5908,0.36741283535957336
4.612063492063492,538.5908,0.37103697657585144
4.614965986394558,538.5908,0.3725672960281372
4.617868480725623,538.5908,0.378279447555542
4.620770975056689,538.5908,0.3740486800670624
4.6236734693877555,538.5908,0.3764556348323822
4.626575963718821,538.5908,0.37454137206077576
4.629478458049887,538.5908,0.3735785186290741
4.632380952380952,538.5908,0.3718869686126709
4.635283446712018,538.5908,0.3697429299354553
4.6381859410430835,538.5908,0.3678208291530609
4.64108843537415,538.5908,0.36320024728775024
4.6439909297052155,538.5908,0.36660540103912354
4.646893424036281,538.5908,0.36148130893707275
4.649795918367347,538.5908,0.3620431125164032
4.652698412698412,538.5908,0.35818469524383545
4.655600907029479,538.5908,0.35867220163345337
4.658503401360544,538.5908,0.3558844327926636
4.66140589569161,538.5908,0.35425424575805664
4.664308390022676,538.5908,0.35323628783226013
4.667210884353741,538.5908,0.3442782461643219
4.670113378684808,538.5908,0.34240415692329407
4.673015873015873,538.5908,0.33351844549179077
4.675918367346939,538.5908,0.3306814432144165
4.6788208616780045,538.5908,0.32062429189682007
4.68172335600907,538.5908,0.31562599539756775
4.684625850340136,538.5908,0.30676671862602234
4.687528344671202,538.5908,0.29805219173431396
4.690430839002268,538.5908,0.2960658669471741
4.693333333333333,538.5908,0.28597262501716614
4.696235827664399,538.5908,0.2844018340110779
4.6991383219954646,538.5908,0.2764951288700104
4.702040816326531,538.5908,0.27425140142440796
4.704943310657597,538.5908,0.26969701051712036
4.707845804988662,538.5908,0.26851749420166016
4.710748299319728,538.5908,0.2681125998497009
4.713650793650793,538.5908,0.2642430067062378
4.716553287981859,538.5908,0.26805809140205383
4.7194557823129255,538.5908,0.26574161648750305
4.722358276643991,538.5908,0.2691057026386261
4.725260770975057,538.5908,0.2699200510978699
4.728163265306122,538.5908,0.27171215415000916
4.731065759637188,538.5908,0.2737277150154114
4.733968253968254,538.5908,0.273821085691452
4.73687074829932,538.5908,0.27858778834342957
4.739773242630386,538.5908,0.2776872515678406
4.742675736961451,538.5908,0.2822921872138977
4.745578231292517,538.5908,0.2839965224266052
4.748480725623582,538.5908,0.28468459844589233
4.751383219954649,538.5908,0.288730263710022
4.7542857142857144,538.5908,0.2897805869579315
4.75718820861678,538.5908,0.295396089553833
4.760090702947846,538.5908,0.29505452513694763
4.762993197278911,538.5908,0.3009840250015259
4.765895691609978,538.5908,0.30206194519996643
4.768798185941043,538.5908,0.305737167596817
4.771700680272109,538.5908,0.31164485216140747
4.7746031746031745,538.5908,0.31227338314056396
4.77750566893424,538.5908,0.3196963965892792
4.780408163265306,538.5908,0.3194763958454132
4.783310657596372,538.5908,0.32755208015441895
4.786213151927438,538.5908,0.3288225829601288
4.789115646258503,538.5908,0.3356674909591675
4.792018140589569,538.5908,0.3398948311805725
4.794920634920635,538.5908,0.3420254588127136
4.797823129251701,538.5908,0.3491933047771454
4.800725623582767,538.5908,0.35056570172309875
4.803628117913832,538.5908,0.3588871657848358
4.806530612244898,538.5908,0.3581492006778717
4.8094331065759635,538.5908,0.36473581194877625
4.812335600907029,538.5908,0.3637121915817261
4.8152380952380955,538.5908,0.36714887619018555
4.818140589569161,538.5908,0.37048405408859253
4.821043083900227,538.5908,0.3696129024028778
4.823945578231292,538.5908,0.373926043510437
4.826848072562358,538.5908,0.3695394694805145
4.829750566893424,538.5908,0.3746473789215088
4.83265306122449,538.5908,0.3706076145172119
4.835555555555556,538.5908,0.37451326847076416
4.838458049886621,538.5908,0.3727966248989105
4.841360544217687,538.5908,0.37125056982040405
4.844263038548752,538.5908,0.372669517993927
4.847165532879819,538.5908,0.3677247166633606
4.8500680272108845,538.5908,0.37161916494369507
4.85297052154195,538.5908,0.36446645855903625
4.855873015873016,538.5908,0.36703670024871826
4.858775510204081,538.5908,0.36091622710227966
4.861678004535148,538.5908,0.3594503402709961
4.864580498866213,538.5908,0.35694485902786255
4.867482993197279,538.5908,0.3524887263774872
4.8703854875283445,538.5908,0.3523474633693695
4.87328798185941,538.5908,0.3439665734767914
4.876190476190477,538.5908,0.3465637266635895
4.879092970521542,538.5908,0.33914944529533386
4.881995464852608,538.5908,0.34086453914642334
4.884897959183673,538.5908,0.3372310996055603
4.887800453514739,538.5908,0.3348172903060913
4.890702947845805,538.5908,0.33564385771751404
4.893605442176871,538.5908,0.32997608184814453
4.896507936507937,538.5908,0.3335000276565552
4.899410430839002,538.5908,0.3280754089355469
4.902312925170068,538.5908,0.33046063780784607
4.9052154195011335,538.5908,0.32616087794303894
4.9081179138322,538.5908,0.326192706823349
4.911020408163266,538.5908,0.32550179958343506
4.913922902494331,538.5908,0.3225646913051605
4.916825396825397,538.5908,0.3260633647441864
4.919727891156462,538.5908,0.32133805751800537
4.922630385487528,538.5908,0.3244592845439911
4.9255328798185944,538.5908,0.32168397307395935
4.92843537414966,538.5908,0.32497385144233704
4.931337868480726,538.5908,0.3235087990760803
4.934240362811791,538.5908,0.3244447112083435
4.937142857142857,538.5908,0.32744601368904114
4.940045351473923,538.5908,0.3245530128479004
4.942947845804989,538.5908,0.32918378710746765
4.9458503401360545,538.5908,0.3269568383693695
4.94875283446712,538.5908,0.33059147000312805
4.951655328798186,538.5908,0.3301967978477478
4.954557823129251,538.5908,0.3325762450695038
4.957460317460318,538.5908,0.3339777886867523
4.960362811791383,538.5908,0.3327520489692688
4.963265306122449,538.5908,0.3371610939502716
4.966167800453515,538.5908,0.3353016972541809
4.96907029478458,538.5908,0.33852770924568176
4.971972789115647,538.5908,0.3376038074493408
4.974875283446712,538.5908,0.3397151231765747
4.977777777777778,538.5908,0.33895185589790344
4.9806802721088435,538.5908,0.34002915024757385
4.983582766439909,538.5908,0.3425552546977997
4.986485260770975,538.5908,0.3406062722206116
4.989387755102041,538.5908,0.34386900067329407
4.992290249433107,538.5908,0.3424946963787079
4.995192743764172,538.5908,0.345863938331604
4.998095238095238,538.5908,0.3449949026107788
5.0009977324263035,538.5908,0.3472916781902313
5.00390022675737,538.5908,0.3484668731689453
5.006802721088436,538.5908,0.34711822867393494
5.009705215419501,538.5908,0.35036414861679077
5.012607709750567,538.5908,0.3489994406700134
5.015510204081632,538.5908,0.351837694644928
5.018412698412698,538.5908,0.34984490275382996
5.0213151927437645,538.5908,0.35049381852149963
5.02421768707483,538.5908,0.34914425015449524
5.027120181405896,538.5908,0.34891659021377563
5.030022675736961,538.5908,0.35055187344551086
5.032925170068027,538.5908,0.34774088859558105
5.035827664399093,538.5908,0.34942883253097534
5.038730158730159,538.5908,0.3463731110095978
5.0416326530612245,538.5908,0.3482505679130554
5.04453514739229,538.5908,0.34738144278526306
5.047437641723356,538.5908,0.3489394783973694
5.050340136054421,538.5908,0.34931668639183044
5.053242630385488,538.5908,0.3490021824836731
5.056145124716553,538.5908,0.3530467450618744
5.059047619047619,538.5908,0.3534134328365326
5.061950113378685,538.5908,0.3591843545436859
5.06485260770975,538.5908,0.35917478799819946
5.067755102040817,538.5908,0.36374610662460327
5.070657596371882,538.5908,0.3655308485031128
5.073560090702948,538.5908,0.3694441318511963
5.0764625850340135,538.5908,0.3739326596260071
5.079365079365079,538.5908,0.37433236837387085
5.082267573696146,538.5908,0.3781872093677521
5.085170068027211,538.5908,0.3781510591506958
5.088072562358277,538.5908,0.3820694386959076
5.090975056689342,538.5908,0.38271886110305786
5.093877551020408,538.5908,0.3850642442703247
5.0967800453514736,538.5908,0.38508516550064087
5.09968253968254,538.5908,0.38430920243263245
5.102585034013606,538.5908,0.3872267007827759
5.105487528344671,538.5908,0.3873189389705658
5.108390022675737,538.5908,0.3888646066188812
5.111292517006802,538.5908,0.38882729411125183
5.114195011337869,538.5908,0.38899844884872437
5.1170975056689345,538.5908,0.38903290033340454
5.12,538.5908,0.38938337564468384
5.122902494331066,538.5908,0.3913419246673584
5.125804988662131,538.5908,0.3884035348892212
5.128707482993197,538.5908,0.38890495896339417
5.131609977324263,538.5908,0.3887057304382324
5.134512471655329,538.5908,0.3870127499103546
5.137414965986395,538.5908,0.3872067332267761
5.14031746031746,538.5908,0.38470008969306946
5.143219954648526,538.5908,0.38320356607437134
5.146122448979592,538.5908,0.37840238213539124
5.149024943310658,538.5908,0.37915489077568054
5.1519274376417235,538.5908,0.3755103349685669
5.154829931972789,538.5908,0.37048012018203735
5.157732426303855,538.5908,0.3692646920681
5.16063492063492,538.5908,0.3627481460571289
5.163537414965987,538.5908,0.36140206456184387
5.166439909297052,538.5908,0.35619503259658813
5.169342403628118,538.5908,0.35521259903907776
5.1722448979591835,538.5908,0.3470674753189087
5.175147392290249,538.5908,0.34433668851852417
5.178049886621316,538.5908,0.3425063192844391
5.180952380952381,538.5908,0.3355230391025543
5.183854875283447,538.5908,0.3354274034500122
5.186757369614512,538.5908,0.32882261276245117
5.189659863945578,538.5908,0.32667070627212524
5.192562358276644,538.5908,0.31966543197631836
5.19546485260771,538.5908,0.3205684721469879
5.198367346938776,538.5908,0.3140575587749481
5.201269841269841,538.5908,0.309550404548645
5.204172335600907,538.5908,0.30782681703567505
5.2070748299319725,538.5908,0.3000795841217041
5.209977324263039,538.5908,0.2993748188018799
5.2128798185941045,538.5908,0.293366402387619
5.21578231292517,538.5908,0.29306358098983765
5.218684807256236,538.5908,0.2839541435241699
5.221587301587301,538.5908,0.28419777750968933
5.224489795918367,538.5908,0.2786233723163605
5.227392290249433,538.5908,0.2754882276058197
5.230294784580499,538.5908,0.2748318612575531
5.233197278911565,538.5908,0.2691377103328705
5.23609977324263,538.5908,0.26882168650627136
5.239002267573696,538.5908,0.26269176602363586
5.241904761904762,538.5908,0.26712295413017273
5.244807256235828,538.5908,0.25996488332748413
5.2477097505668935,538.5908,0.2624923884868622
5.250612244897959,538.5908,0.25992175936698914
5.253514739229025,538.5908,0.2583920955657959
5.25641723356009,538.5908,0.2604847252368927
5.259319727891157,538.5908,0.25751742720603943
5.262222222222222,538.5908,0.2599935531616211
5.265124716553288,538.5908,0.254134863615036
5.2680272108843536,538.5908,0.2582254111766815
5.270929705215419,538.5908,0.25410643219947815
5.273832199546486,538.5908,0.2538011372089386
5.276734693877551,538.5908,0.25288093090057373
5.279637188208617,538.5908,0.24912554025650024
5.282539682539682,538.5908,0.2503344714641571
5.285442176870748,538.5908,0.24517464637756348
5.288344671201814,0.0,0.24810799956321716
5.29124716553288,0.0,0.24038398265838623
5.294149659863946,0.0,0.24279312789440155
5.297052154195011,0.0,0.23903387784957886
5.299954648526077,0.0,0.237196683883667
5.3028571428571425,0.0,0.23682186007499695
5.305759637188209,0.0,0.23248478770256042
5.308662131519275,0.0,0.23420701920986176
5.31156462585034,0.0,0.22806541621685028
5.314467120181406,0.0,0.23310357332229614
5.317369614512471,0.0,0.22554300725460052
5.320272108843538,0.0,0.22909797728061676
5.3231746031746034,0.0,0.22656436264514923
5.326077097505669,0.0,0.22662468254566193
5.328979591836735,0.0,0.22826579213142395
5.3318820861678,0.0,0.22534699738025665
5.334784580498866,0.0,0.2289070039987564
5.337687074829932,0.0,0.2239173799753189
5.340589569160998,0.0,0.22999373078346252
5.3434920634920635,0.0,0.2246018797159195
5.346394557823129,0.0,0.2277672439813614
5.349297052154195,0.0,0.2252350151538849
5.352199546485261,0.0,0.2253081202507019
5.355102040816327,0.0,0.22818540036678314
5.358004535147392,0.0,0.2244855910539627
5.360907029478458,0.0,0.22819197177886963
5.363809523809524,0.0,0.22331435978412628
5.366712018140589,0.0,0.22860480844974518
5.369614512471656,0.0,0.2257217913866043
5.372517006802721,0.0,0.22893856465816498
5.375419501133787,0.0,0.22892549633979797
5.3783219954648525,0.0,0.22860096395015717
5.381224489795918,0.0,0.23473957180976868
5.3841269841269845,0.0,0.23359154164791107
5.38702947845805,0.0,0.24126209318637848
5.389931972789116,0.0,0.23982477188110352
5.392834467120181,0.0,0.24732302129268646
5.395736961451247,0.0,0.2501501142978668
5.3986394557823125,0.0,0.25455600023269653
5.401541950113379,0.0,0.260236531496048
5.404444444444445,0.0,0.2615140974521637
5.40734693877551,0.0,0.26846712827682495
5.410249433106576,0.0,0.2673163414001465
5.413151927437641,0.0,0.2739998996257782
5.416054421768708,0.0,0.2718873918056488
5.4189569160997735,0.0,0.2755626440048218
5.421859410430839,0.0,0.2768325209617615
5.424761904761905,0.0,0.275981605052948
5.42766439909297,0.0,0.27885302901268005
5.430566893424036,0.0,0.2759271562099457
5.433469387755102,0.0,0.27893364429473877
5.436371882086168,0.0,0.2746259272098541
5.4392743764172335,0.0,0.2780187129974365
5.442176870748299,0.0,0.2732236683368683
5.445079365079365,0.0,0.27386507391929626
5.447981859410431,0.0,0.2730593979358673
5.450884353741497,0.0,0.26995158195495605
5.453786848072562,0.0,0.2721341550350189
5.456689342403628,0.0,0.26774483919143677
5.459591836734694,0.0,0.27002131938934326
5.462494331065759,0.0,0.26446500420570374
5.465396825396826,0.0,0.26720449328422546
5.468299319727891,0.0,0.26106011867523193
5.471201814058957,0.0,0.26113224029541016
5.4741043083900225,0.0,0.2592657804489136
5.477006802721088,0.0,0.25477102398872375
5.479909297052155,0.0,0.25678277015686035
5.48281179138322,0.0,0.25045034289360046
5.485714285714286,0.0,0.2520367205142975
5.488616780045351,0.0,0.24556756019592285
5.491519274376417,0.0,0.24793641269207
5.494421768707483,0.0,0.24202094972133636
5.497324263038549,0.0,0.2412736564874649
5.500226757369615,0.0,0.23964084684848785
5.50312925170068,0.0,0.23516078293323517
5.506031746031746,0.0,0.23850753903388977
5.508934240362811,0.0,0.23272591829299927
5.511836734693878,0.0,0.2354893833398819
5.5147392290249435,0.0,0.23036156594753265
5.517641723356009,0.0,0.23352104425430298
5.520544217687075,0.0,0.2301771640777588
5.52344671201814,0.0,0.2304759919643402
5.526349206349207,0.0,0.22996151447296143
5.529251700680272,0.0,0.22724060714244843
5.532154195011338,0.0,0.2325955629348755
5.535056689342404,0.0,0.22869305312633514
5.537959183673469,0.0,0.23420189321041107
5.540861678004535,0.0,0.23133356869220734
5.543764172335601,0.0,0.23674724996089935
5.546666666666667,0.0,0.23773601651191711
5.5495691609977325,0.0,0.24150986969470978
5.552471655328798,0.0,0.24433237314224243
5.555374149659864,0.0,0.24448047578334808
5.55827664399093,0.0,0.25295791029930115
5.561179138321996,0.0,0.25112831592559814
5.564081632653061,0.0,0.25901293754577637
5.566984126984127,0.0,0.25721484422683716
5.5698866213151925,0.0,0.26318874955177307
5.572789115646258,0.0,0.26495543122291565
5.575691609977325,0.0,0.2675548493862152
5.57859410430839,0.0,0.27190038561820984
5.581496598639456,0.0,0.2698618769645691
5.584399092970521,0.0,0.27692118287086487
5.587301587301587,0.0,0.273255318403244
5.5902040816326535,0.0,0.28060704469680786
5.593106575963719,0.0,0.2764495611190796
5.596009070294785,0.0,0.28076741099357605
5.59891156462585,0.0,0.2817237973213196
5.601814058956916,0.0,0.28148534893989563
5.6047165532879815,0.0,0.2862657606601715
5.607619047619048,0.0,0.28219032287597656
5.6105215419501135,0.0,0.28775280714035034
5.613424036281179,0.0,0.2820097804069519
5.616326530612245,0.0,0.2887793779373169
5.61922902494331,0.0,0.28220897912979126
5.622131519274377,0.0,0.28559643030166626
5.625034013605442,0.0,0.2844255268573761
5.627936507936508,0.0,0.28176915645599365
5.630839002267574,0.0,0.2861573100090027
5.633741496598639,0.0,0.2804774045944214
5.636643990929705,0.0,0.2854336202144623
5.639546485260771,0.0,0.2780397832393646
5.642448979591837,0.0,0.2845514118671417
5.6453514739229025,0.0,0.2769201993942261
5.648253968253968,0.0,0.2791112959384918
5.651156462585034,0.0,0.2767705023288727
5.6540589569161,0.0,0.2732418179512024
5.656961451247166,0.0,0.27781209349632263
5.659863945578231,0.0,0.27085018157958984
5.662766439909297,0.0,0.27555352449417114
5.6656689342403626,0.0,0.26788344979286194
5.668571428571428,0.0,0.2735360264778137
5.671473922902495,0.0,0.2680303156375885
5.67437641723356,0.0,0.2693003714084625
5.677278911564626,0.0,0.2672649919986725
5.680181405895691,0.0,0.2633872330188751
5.683083900226757,0.0,0.2677154541015625
5.6859863945578235,0.0,0.25939324498176575
5.688888888888889,0.0,0.2621278166770935
5.691791383219955,0.0,0.2522120177745819
5.69469387755102,0.0,0.25309133529663086
5.697596371882086,0.0,0.24631957709789276
5.7004988662131515,0.0,0.24306847155094147
5.703401360544218,0.0,0.23849079012870789
5.706303854875284,0.0,0.23032502830028534
5.709206349206349,0.0,0.23301668465137482
5.712108843537415,0.0,0.22460199892520905
5.71501133786848,0.0,0.22875583171844482
5.717913832199547,0.0,0.22140797972679138
5.7208163265306125,0.0,0.22505050897598267
5.723718820861678,0.0,0.22295361757278442
5.726621315192744,0.0,0.22393907606601715
5.729523809523809,0.0,0.22647587954998016
5.732426303854876,0.0,0.2234310656785965
5.735328798185941,0.0,0.23002149164676666
5.738231292517007,0.0,0.22554612159729004
5.7411337868480725,0.0,0.2330566942691803
5.744036281179138,0.0,0.2283705174922943
5.746938775510204,0.0,0.23431964218616486
5.74984126984127,0.0,0.2332097440958023
5.752743764172336,0.0,0.23497222363948822
5.755646258503401,0.0,0.2390466332435608
5.758548752834467,0.0,0.23636911809444427
5.761451247165533,0.0,0.2434123307466507
5.764353741496599,0.0,0.2392759919166565
5.767256235827665,0.0,0.2470436841249466
5.77015873015873,0.0,0.24199709296226501
5.773061224489796,0.0,0.24803519248962402
5.7759637188208615,0.0,0.24656012654304504
5.778866213151927,0.0,0.24722842872142792
5.7817687074829935,0.0,0.2520667016506195
5.784671201814059,0.0,0.24769961833953857
5.787573696145125,0.0,0.25299572944641113
5.79047619047619,0.0,0.24807915091514587
5.793378684807256,0.0,0.25499609112739563
5.796281179138322,0.0,0.24975264072418213
5.799183673469388,0.0,0.25441768765449524
5.802086167800454,0.0,0.25439146161079407
5.804988662131519,0.0,0.25382184982299805
5.807891156462585,0.0,0.26093482971191406
5.81079365079365,0.0,0.25825968384742737
5.813696145124717,0.0,0.2662774324417114
5.8165986394557825,0.0,0.26366832852363586
5.819501133786848,0.0,0.2731410562992096
5.822403628117914,0.0,0.2737766206264496
5.825306122448979,0.0,0.27985870838165283
5.828208616780046,0.0,0.28606417775154114
5.831111111111111,0.0,0.2875036895275116
5.834013605442177,0.0,0.29859963059425354
5.8369160997732425,0.0,0.29412198066711426
5.839818594104308,0.0,0.28013306856155396
5.842721088435374,0.0,0.2584098279476166
5.84562358276644,0.0,0.23887060582637787
5.848526077097506,0.0,0.21338802576065063
