time_s,pitch_hz,pitch_confidence,loudness_db
0.0,240.86739951710496,0.3743872,-10.080978393554688
0.01,240.0548798209885,0.5397953,-9.360635757446289
0.02,239.62130517109088,0.59266114,-8.760737419128418
0.03,239.85012966699273,0.5435435,-8.291543960571289
0.04,240.13264686390218,0.6430669,-7.844722270965576
0.05,240.5820588131363,0.54827946,-7.563224792480469
0.06,240.29826687159067,0.47115558,-7.242212295532227
0.07,239.79766879009435,0.5351987,-7.018376350402832
0.08,239.9698970204696,0.6359641,-6.950106620788574
0.09,239.98612887582385,0.6644609,-6.907491207122803
0.1,240.8249553943558,0.63840216,-6.812629699707031
0.11,240.33974346568866,0.71240944,-6.722160339355469
0.12,239.50669787692615,0.75034547,-6.704349040985107
0.13,239.82266743644317,0.6294423,-6.6712164878845215
0.14,240.0585382970056,0.53570074,-6.640944480895996
0.15,239.60437346018776,0.36772424,-6.562281608581543
0.16,239.88056254314205,0.314918,-6.48087739944458
0.17,240.70702699742594,0.282312,-6.352007865905762
0.18,240.2485066440302,0.20796508,-6.217324256896973
0.19,240.46166792890187,0.23115654,-6.107001781463623
0.2,239.78513227372898,0.2556487,-6.003701686859131
0.21,240.13069043431437,0.2449389,-5.940484046936035
0.22,240.47720204035272,0.25252476,-5.906181335449219
0.23,240.2372502891696,0.281088,-5.894227027893066
0.24,240.3213617999852,0.33945587,-5.851378440856934
0.25,239.74645881732496,0.26143983,-5.853632926940918
0.26,239.74351728500832,0.26829562,-5.762119293212891
0.27,240.1513214899849,0.28281352,-5.7543463706970215
0.28,240.08061332805158,0.19887453,-5.746776580810547
0.29,240.57957917557675,0.24810562,-5.728921413421631
0.3,240.70102873987497,0.21262373,-5.697354316711426
0.31,241.4139489674095,0.1544295,-5.710999965667725
0.32,241.09959375919692,0.23738019,-5.772647857666016
0.33,240.32341316197144,0.40349054,-5.855393409729004
0.34,240.2554567327982,0.38077632,-5.887599945068359
0.35,240.92887859869617,0.41311392,-5.974463462829589
0.36,241.11502708250526,0.4467759,-6.054221153259277
0.37,240.93836379838055,0.3439728,-6.152312278747559
0.38,240.7754368316867,0.39258644,-6.303217887878418
0.39,240.56971380793794,0.28338742,-6.399487495422363
0.4,239.969832965776,0.25410125,-6.491296768188477
0.41,239.981962734096,0.33189684,-6.643232345581054
0.42,240.1127614755819,0.3810204,-6.753754615783691
0.43,240.4202043398567,0.56670994,-7.022009372711182
0.44,240.39054428878438,0.61865,-7.145047664642334
0.45,239.92760389425194,0.6254059,-7.177888870239258
0.46,239.41346492502146,0.6745108,-7.322155952453613
0.47,238.9236307603615,0.7322904,-7.328226089477539
0.48,239.0649959533528,0.77767277,-7.354865074157715
0.49,239.265780116114,0.7424046,-7.386000156402588
0.5,239.7025115698456,0.63830954,-7.384799957275391
0.51,239.73015518590788,0.631211,-7.405283451080322
0.52,239.35785817988534,0.5448624,-7.405613899230957
0.53,239.45593733551488,0.565179,-7.427529811859131
0.54,239.98442492950198,0.6689612,-7.4239630699157715
0.55,240.0987557784525,0.766193,-7.485648155212402
0.56,239.850274808459,0.7513014,-7.477422714233398
0.57,239.6923791361379,0.6834577,-7.4718852043151855
0.58,239.74957888212825,0.49742112,-7.503201484680176
0.59,239.85242748171123,0.5215637,-7.4938812255859375
0.6,239.35417246257765,0.59068465,-7.604222297668457
0.61,238.64556432547377,0.61100006,-7.694786071777344
0.62,238.89894200041942,0.5944636,-7.661663055419922
0.63,239.50493190759803,0.58059436,-7.67971134185791
0.64,239.95349779617237,0.59679383,-7.649080276489258
0.65,240.03904832722483,0.634048,-7.670953273773193
0.66,239.726171589448,0.6407337,-7.714232444763184
0.67,239.12818769741858,0.52106875,-7.718238830566406
0.68,239.3599127973155,0.500154,-7.703306674957275
0.69,239.775580744455,0.600579,-7.726641654968262
0.7,239.679454886367,0.66059893,-7.756128311157227
0.71,238.95590896741328,0.6513521,-7.8398847579956055
0.72,238.56045461662532,0.64758635,-7.895923137664795
0.73,238.82539017827116,0.6304221,-7.977719306945801
0.74,238.84746660702274,0.7090557,-8.11446475982666
0.75,238.6504241189748,0.5884871,-8.235688209533691
0.76,238.49382358834794,0.64001626,-8.432241439819336
0.77,238.62797996148822,0.7244758,-8.588747024536133
0.78,238.65778694785087,0.688843,-8.637214660644531
0.79,238.32991904950512,0.617616,-8.781024932861328
0.8,238.3007651611519,0.6048259,-8.715696334838867
0.81,238.55481712475796,0.62852156,-8.575886726379395
0.82,239.11178356773598,0.80426013,-8.409128189086916
0.83,239.2035298095998,0.8217687,-8.252279281616213
0.84,239.01004420957346,0.8309627,-8.052748680114746
0.85,238.7775155182484,0.80914146,-7.752049446105957
0.86,238.76464526687192,0.745744,-7.4314398765563965
0.87,238.86681737548628,0.7376493,-7.223338603973389
0.88,239.29685202304398,0.6391118,-7.04756498336792
0.89,239.28035715889484,0.5280995,-6.91437292098999
0.9,239.24681160472318,0.44374725,-6.842851161956787
0.91,239.3361524275512,0.25728852,-6.661367416381836
0.92,239.2193058873341,0.36795503,-6.486041069030762
0.93,238.8878913910381,0.40344843,-6.3255109786987305
0.94,238.64201017877667,0.26671636,-6.253920555114747
0.95,239.51366813027255,0.41755286,-6.1612610816955575
0.96,240.2585333525096,0.5907577,-6.05301570892334
0.97,240.13708227443774,0.6151965,-5.9870123863220215
0.98,239.7431123103507,0.61718446,-6.016490459442139
0.99,239.6668825472436,0.7105731,-6.054035186767578
1.0,239.5823848534614,0.710393,-6.009383201599121
1.01,239.59882104569652,0.64580935,-5.938309669494629
1.02,239.55865739125161,0.5959384,-5.843689918518066
1.03,239.76903300608228,0.6011069,-5.788503170013428
1.04,239.774102132141,0.48600152,-5.808505058288574
1.05,239.6517861258928,0.45335022,-5.936766624450684
1.06,239.44417426529444,0.5367353,-6.079450607299805
1.07,239.5634062488034,0.47353595,-6.148474216461182
1.08,239.84483387794526,0.61248726,-6.278858184814453
1.09,239.939436455602,0.6732555,-6.413269996643066
1.1,239.94546480566473,0.7604265,-6.502894878387451
1.11,239.7501727989172,0.7177508,-6.505382061004639
1.12,239.41932092086378,0.6565366,-6.517186641693115
1.13,239.60762607130764,0.56953114,-6.5061445236206055
1.14,240.56207861674903,0.54796356,-6.4944868087768555
1.15,241.1716239954767,0.66125834,-6.53022289276123
1.16,241.07849708419207,0.6819259,-6.588807582855225
1.17,240.37796784527418,0.6888327,-6.62200403213501
1.18,240.12319730959086,0.7396274,-6.623239040374756
1.19,240.1152452703608,0.79391533,-6.57017707824707
1.2,239.82628972541232,0.78928876,-6.528649806976318
1.21,239.80058296312183,0.7838573,-6.4126877784729
1.22,239.49728997953227,0.76512766,-6.334381103515625
1.23,239.62345470983936,0.6481431,-6.386066436767578
1.24,240.90248479444745,0.6587516,-6.385159969329834
1.25,241.48892249391002,0.5115202,-6.420841693878174
1.26,239.58023382952123,0.4974213,-6.495575428009033
1.27,238.6732429038153,0.37781718,-6.509690284729004
1.28,240.56058458886758,0.28529745,-6.4546098709106445
1.29,240.3623889206003,0.2610075,-6.420702934265137
1.3,240.19655448225512,0.4856607,-6.3611674308776855
1.31,240.49214662251666,0.4299432,-6.339570045471191
1.32,240.14902241193258,0.29863644,-6.302916526794434
1.33,239.2546669423728,0.24656105,-6.352544784545898
1.34,237.713530144348,0.18108648,-6.425268650054932
1.35,238.58722668456988,0.22216332,-6.485901355743408
1.36,238.4952726150405,0.26789385,-6.468715190887451
1.37,238.68298699297608,0.29886967,-6.46555233001709
1.38,239.49054411243995,0.26954976,-6.484394550323486
1.39,239.6896691643728,0.37190643,-6.527931690216064
1.4,239.71454551193307,0.43499082,-6.635816574096677
1.41,240.2319650939276,0.4161709,-6.7090911865234375
1.42,240.06847682377298,0.45809647,-6.772274494171143
1.43,239.81870036821675,0.466856,-6.7790632247924805
1.44,239.91268618555864,0.3768038,-6.833007335662842
1.45,239.83528197871954,0.43425655,-6.9512410163879395
1.46,239.85955001263792,0.4948334,-6.935902118682861
1.47,238.949382748605,0.5414693,-6.957571029663086
1.48,239.09151693341272,0.3813632,-6.938117980957031
1.49,239.38859947111962,0.405773,-6.995699882507324
1.5,239.86604525775698,0.31084242,-7.013749599456787
1.51,239.70226000776566,0.29251644,-7.095602989196777
1.52,239.61067999523527,0.20980221,-7.0796637535095215
1.53,239.5028127512174,0.33419675,-7.062837600708008
1.54,240.00227449720936,0.24061872,-7.128209590911865
1.55,239.8066717517981,0.41530427,-7.192490100860596
1.56,238.78951281384423,0.609258,-7.1883344650268555
1.57,238.0956036905909,0.51026654,-7.179507255554199
1.58,237.57525104372078,0.6175819,-7.133739471435547
1.59,237.91648528961292,0.6569747,-7.1059346199035645
1.6,237.946882174831,0.6567361,-7.017605304718018
1.61,237.24620275572272,0.6868251,-7.043843746185303
1.62,237.27741162837708,0.69098043,-7.046614170074463
1.63,237.2416675288804,0.7623227,-7.136074066162108
1.64,237.7568656615896,0.7473686,-7.213067531585692
1.65,237.29692399237265,0.7738537,-7.295425415039061
1.66,236.4724533884818,0.7570987,-7.233655452728273
1.67,236.10739749564362,0.6587056,-7.095627307891846
1.68,236.69560715233712,0.673357,-6.9688310623168945
1.69,237.68113419775975,0.6409864,-6.861834526062012
1.7,238.2516163099045,0.6005051,-6.856298446655273
1.71,238.22068847777092,0.66768837,-6.786933898925781
1.72,238.90987400061076,0.75819683,-6.690072059631348
1.73,239.3218980810894,0.8118969,-6.732785224914551
1.74,239.65706423209178,0.8152284,-6.604775428771973
1.75,239.55167667456618,0.7808907,-6.449019908905029
1.76,239.55861557744086,0.797906,-6.192462921142578
1.77,239.88645964320781,0.80356425,-6.0666584968566895
1.78,239.81782326493055,0.7877417,-5.944000244140625
1.79,239.5790698017471,0.7207815,-5.92693567276001
1.8,239.58014183768591,0.6443932,-5.861797332763672
1.81,239.65607514977853,0.62203646,-5.823087692260742
1.82,240.03326316856942,0.6807508,-5.791644096374512
1.83,239.97191265500763,0.6481563,-5.609274387359619
1.84,239.98496094503864,0.62642753,-5.492678642272949
1.85,240.00899527816227,0.63906133,-5.3869099617004395
1.86,239.98417922221105,0.55193746,-5.255129337310791
1.87,240.1058801589551,0.53137213,-5.187376022338867
1.88,239.98864270695438,0.45581824,-5.125126838684084
1.89,240.02064562234148,0.4099802,-5.05725145339966
1.9,239.89866642126378,0.39897376,-4.931103706359866
1.91,240.23759016081908,0.42612132,-4.820898056030276
1.92,240.34582252814158,0.37962937,-4.699296951293945
1.93,240.37691803706815,0.31490132,-4.605823993682861
1.94,240.13642021777244,0.39096275,-4.5086259841918945
1.95,240.05571400991857,0.3825554,-4.426959991455078
1.96,240.12380232985024,0.3950849,-4.436079025268555
1.97,240.14705748555372,0.36393026,-4.517984867095947
1.98,240.0556613568261,0.43354926,-4.691568374633789
1.99,240.16841311008454,0.4710388,-4.876259803771973
2.0,240.1059666258305,0.49804163,-5.04292106628418
2.01,240.18595300488596,0.48459655,-5.192234516143793
2.02,239.93152930391201,0.5014838,-5.400143623352051
2.03,239.64102775686513,0.7640416,-5.634129047393788
2.04,239.59428683199792,0.84287935,-5.8739166259765625
2.05,239.4722070011048,0.8421092,-6.130676746368408
2.06,239.363696812919,0.84501004,-6.503881454467773
2.07,238.97139842665473,0.8464074,-6.826002597808838
2.08,238.60263268519896,0.81338185,-7.193721771240234
2.09,238.9142123164267,0.8186957,-7.523959159851074
2.1,238.58931218086713,0.78520596,-7.726503372192383
2.11,237.60882039957204,0.8027415,-7.8947296142578125
2.12,237.64519453290617,0.79285425,-7.979526996612549
2.13,238.0969666574639,0.74141335,-8.186539649963379
2.14,238.5094897395402,0.72278553,-8.36524486541748
2.15,237.99743153923913,0.7256669,-8.474668502807617
2.16,237.511543286878,0.71662384,-8.61498737335205
2.17,237.19353568631166,0.64550734,-8.72778034210205
2.18,237.58622346605634,0.6309173,-8.720752716064453
2.19,237.78739166781816,0.703697,-8.706605911254883
2.2,237.69032181134904,0.7528967,-8.83586311340332
2.21,237.73034764323384,0.709197,-8.942266464233398
2.22,237.8912485676113,0.672528,-8.961490631103516
2.23,237.87401743766662,0.6090105,-8.981143951416016
2.24,237.63450457117645,0.6268462,-9.020914077758789
2.25,237.59670057283105,0.6770888,-9.05950927734375
2.26,237.57910479029533,0.6298587,-8.983459472656254
2.27,238.02015194438806,0.57882696,-9.142189979553223
2.28,238.1549440833319,0.58815324,-9.102729797363283
2.29,237.69081755966124,0.6135688,-9.070263862609863
2.3,237.8353093692699,0.67769694,-9.123065948486326
2.31,237.7633820034573,0.7087692,-9.09378433227539
2.32,237.97365890984494,0.71909696,-9.105087280273438
2.33,238.11178866287622,0.6586099,-9.007152557373047
2.34,237.98202313351356,0.6382017,-8.855406761169434
2.35,237.96668689490556,0.6835792,-8.887490272521973
2.36,237.9307619154876,0.6864238,-8.703388214111328
2.37,238.11407007779363,0.6088324,-8.570040702819824
2.38,237.94533164557998,0.59431684,-8.400219917297363
2.39,237.70179690355405,0.5459547,-8.26236629486084
2.4,237.52262370810382,0.5645346,-8.052044868469238
2.41,237.20487128669356,0.5980737,-7.962117671966553
2.42,236.68995012631484,0.66326284,-7.963594913482666
2.43,236.9788203774365,0.6830381,-7.95075798034668
2.44,237.11121126739002,0.63762194,-8.019246101379395
2.45,237.6098064442342,0.6320198,-7.966654300689697
2.46,237.81824441745712,0.6292682,-7.974576950073242
2.47,237.4338104456042,0.6379995,-7.989976406097412
2.48,237.42741518310768,0.70985585,-8.03028678894043
2.49,237.90266073649389,0.65665424,-8.134450912475586
2.5,238.19349684964567,0.71445835,-8.187654495239258
2.51,238.10746549472287,0.7638029,-8.24373435974121
2.52,237.9805126049379,0.7924044,-8.311262130737305
2.53,238.0251329560645,0.8235977,-8.304069519042969
2.54,238.30563671760942,0.7783851,-8.261377334594727
2.55,238.42826950420712,0.7933528,-8.180578231811527
2.56,238.08730084541537,0.81520265,-8.141519546508789
2.57,238.1456771118275,0.7744644,-8.061602592468262
2.58,238.32931127636698,0.7233216,-8.100494384765625
2.59,238.9365527596688,0.70666116,-8.099506378173828
2.6,239.5194352774393,0.71305364,-8.078153610229492
2.61,239.32291788890748,0.6939856,-8.029034614562988
2.62,238.94836007104942,0.59804404,-7.921021461486816
2.63,238.83008479265212,0.5897383,-7.733358383178711
2.64,239.25185090167838,0.7431196,-7.550473213195801
2.65,239.29005457500924,0.77742195,-7.3966169357299805
2.66,239.7296337312926,0.79919195,-7.274951457977295
2.67,239.74850266942937,0.7402388,-7.158490180969238
2.68,239.8719686268927,0.67602444,-6.980199813842773
2.69,239.8264890184693,0.7926882,-6.822288513183594
2.7,239.87245176429246,0.82674706,-6.625844955444336
2.71,239.56866944984,0.8376122,-6.419673919677734
2.72,239.53880928042582,0.76070595,-6.228823661804199
2.73,239.88282919596088,0.7614961,-6.0385236740112305
2.74,239.8447616444777,0.6996028,-5.833542346954346
2.75,239.51827432656702,0.6198397,-5.6925048828125
2.76,239.49299778111163,0.6866758,-5.634512901306155
2.77,239.78963840325736,0.7001995,-5.503544807434082
2.78,239.75005873004676,0.6294476,-5.454103946685793
2.79,239.61673153111505,0.5595951,-5.422738075256348
2.8,239.54394232183932,0.57667434,-5.449342250823974
2.81,239.88623604221897,0.5753522,-5.509984970092773
2.82,239.94897149147812,0.48999926,-5.507291793823242
2.83,239.91654927109184,0.44509068,-5.550049781799316
2.84,240.022560517662,0.5879407,-5.661060333251953
2.85,240.02276469253164,0.82125455,-5.738354206085205
2.86,239.81868680525267,0.8810082,-5.808359146118164
2.87,239.42730781352816,0.8887161,-5.862113952636719
2.88,239.39829640278387,0.894915,-6.0131330490112305
2.89,239.06066416441377,0.9017121,-6.1597676277160645
2.9,238.71779150541698,0.88212925,-6.287469387054443
2.91,238.61720991156227,0.8737422,-6.422016620635986
2.92,238.81735085664616,0.87857455,-6.505642414093018
2.93,238.5936298628207,0.86384594,-6.623208522796631
2.94,238.14168726487287,0.8093327,-6.783120155334473
2.95,238.0032815480368,0.7947667,-6.988744258880615
2.96,237.8709424255565,0.74091893,-7.095074653625488
2.97,237.8993111768975,0.6966779,-7.18374490737915
2.98,238.03727215092593,0.6150568,-7.272838592529297
2.99,237.68511429404674,0.6229124,-7.380988121032715
3.0,237.54809821460776,0.6309977,-7.528729438781738
3.01,237.60360544459726,0.7250011,-7.636494159698482
3.02,237.62501384154004,0.7832646,-7.736545562744141
3.03,237.6103885275881,0.7591065,-7.822350502014157
3.04,238.1139392136364,0.72577196,-7.917918682098389
3.05,238.09706628038558,0.7669423,-7.889370918273927
3.06,238.2100959371746,0.763479,-7.778522968292236
3.07,238.2502625531035,0.70268905,-7.585638999938974
3.08,237.7585633015388,0.6881775,-7.483001232147217
3.09,237.61459431381996,0.6194449,-7.4962921142578125
3.1,237.62571602589432,0.5806289,-7.429039478302002
3.11,237.5848929716975,0.66820914,-7.41727352142334
3.12,237.42833490363296,0.68054134,-7.4380106925964355
3.13,237.73296747438152,0.6400932,-7.424341201782227
3.14,237.79643827452392,0.65239924,-7.471646308898926
3.15,237.64280664118914,0.68645585,-7.526919364929199
3.16,237.53849615699397,0.7334064,-7.508152961730957
3.17,237.54507956962914,0.69985694,-7.46978759765625
3.18,237.69675750127846,0.67437977,-7.463228702545166
3.19,237.93346659387788,0.64546186,-7.5319504737854
3.2,237.92096005360136,0.72547585,-7.594237327575684
3.21,238.14021292565332,0.68882024,-7.6749114990234375
3.22,237.8601375774858,0.7230355,-7.599033355712891
3.23,237.7907892754933,0.7021168,-7.5657958984375
3.24,237.52116495055898,0.7413994,-7.369368076324463
3.25,237.7316584093708,0.77067995,-7.149173736572266
3.26,238.34121412804268,0.7186819,-6.962630748748787
3.27,238.70561369632654,0.80559194,-6.821048736572266
3.28,239.13804974839795,0.826107,-6.670356750488288
3.29,239.22639832530314,0.80912465,-6.567828178405762
3.3,239.57461522725475,0.85963726,-6.4775271415710485
3.31,239.80998727061333,0.8431491,-6.358614921569824
3.32,239.96365844355898,0.82277584,-6.266304016113286
3.33,239.91579178835894,0.76385695,-6.171492576599121
3.34,239.90415317710654,0.6951488,-6.077455997467041
3.35,239.87231800374505,0.6983112,-6.065423488616943
3.36,240.18556614906475,0.6755014,-6.102402687072754
3.37,239.8968511708838,0.65014285,-6.191339015960693
3.38,239.73119911071922,0.6053201,-6.293921947479248
3.39,239.7297446009486,0.75604194,-6.359556198120117
3.4,239.97203723627248,0.8329911,-6.307668209075928
3.41,239.94347793748398,0.8695508,-6.260713577270508
3.42,239.59722116146054,0.87702805,-6.267601013183594
3.43,239.18266606460438,0.8403399,-6.291881561279297
3.44,239.2882755601426,0.7836332,-6.30146598815918
3.45,239.88107741793587,0.7604513,-6.33058500289917
3.46,240.05184302822693,0.7318987,-6.293381690979004
3.47,239.7645465149028,0.52271706,-6.192601203918457
3.48,239.79759815142722,0.62042034,-6.101751327514648
3.49,240.2178388061672,0.73989964,-6.010403633117676
3.5,240.66223498792314,0.7740407,-6.014564514160156
3.51,240.24802483447212,0.7340779,-5.933785438537601
3.52,239.66276776180132,0.7173964,-5.973006248474121
3.53,239.18545107236508,0.65342134,-6.038310527801511
3.54,239.73850210773105,0.6732371,-6.059743881225586
3.55,240.00224098788212,0.6731998,-6.001220703125003
3.56,240.2324271009968,0.60963726,-5.956664562225342
3.57,240.3955029078428,0.48140383,-5.920666694641115
3.58,240.44553293154007,0.5811932,-5.82560920715332
3.59,240.2752847500928,0.73337877,-5.805315971374512
3.6,239.87943237946214,0.69889283,-5.863632678985596
3.61,239.60782085163376,0.7219564,-5.833664894104004
3.62,239.61266830235957,0.71763813,-5.8110880851745605
3.63,239.6633632956577,0.7545968,-5.774736404418945
3.64,239.71480273708718,0.77923936,-5.8001275062561035
3.65,239.7210772744634,0.72738326,-5.7834649085998535
3.66,239.48419561677997,0.76154053,-5.789414405822754
3.67,239.55721433584387,0.8039915,-5.832752227783203
3.68,239.78520228840677,0.8474207,-6.012912750244141
3.69,239.8569936147835,0.82986146,-6.099190711975098
3.7,239.50731993409164,0.8194641,-6.211324691772461
3.71,239.34316648238874,0.84734267,-6.3187432289123535
3.72,239.57348298870494,0.8380154,-6.467337131500244
3.73,239.6385580851735,0.815817,-6.5514326095581055
3.74,239.9600527445081,0.74435097,-6.666316986083984
3.75,239.64633942989445,0.75602764,-6.741306781768799
3.76,239.19982435193504,0.7823538,-6.897462844848626
3.77,238.82316396160135,0.758427,-6.971449851989746
3.78,239.1836812939074,0.8198129,-7.104856967926019
3.79,239.31526274693044,0.8113062,-7.257818222045898
3.8,239.4249301806396,0.7768607,-7.370969772338862
3.81,238.9213191979225,0.73700917,-7.4048638343811035
3.82,238.39508785293364,0.7313827,-7.464014053344724
3.83,238.21279794780506,0.73619944,-7.437859535217285
3.84,238.27091522573176,0.719481,-7.514067649841309
3.85,238.72336483484102,0.7770587,-7.610150337219238
3.86,239.0341965591634,0.8323717,-7.765436172485352
3.87,238.87035706627827,0.7601418,-7.939877986907959
3.88,238.56176268610022,0.7249117,-8.114459991455078
3.89,238.27483855430148,0.7199381,-8.169076919555664
3.9,238.2581614082796,0.67787665,-8.25344181060791
3.91,238.17170368153143,0.70156455,-8.197881698608398
3.92,238.53587692163615,0.750884,-7.981622695922852
3.93,238.35797243082453,0.79423493,-7.971748352050781
3.94,238.4971213091759,0.84942615,-7.934401035308838
3.95,238.36293001604946,0.7771535,-7.93992280960083
3.96,238.12139531122529,0.71488285,-8.137770652770996
3.97,237.82265702332734,0.7746849,-8.264493942260742
3.98,237.20322982185144,0.71702576,-8.25030517578125
3.99,237.36048473554473,0.7122637,-8.23344612121582
4.0,237.3610322503984,0.6537799,-8.235283851623535
4.01,237.8192560343739,0.70623094,-8.225744247436523
4.02,237.6892714166073,0.7455292,-8.19528675079346
4.03,237.055277048287,0.79704326,-8.147863388061523
4.04,237.40139928976737,0.8106919,-8.294282913208008
4.05,237.71171129053843,0.80912465,-8.318014144897461
4.06,238.14128773737212,0.77491117,-8.178211212158216
4.07,238.2272188117148,0.79525924,-7.936525344848633
4.08,237.98625365625395,0.76084065,-7.895407676696777
4.09,238.09802074680493,0.7840584,-7.678906440734863
4.1,237.83014026645048,0.69156593,-7.553924560546875
4.11,237.3013599557072,0.7745085,-7.383382320404053
4.12,237.00309047811444,0.7947198,-7.284691333770752
4.13,236.94277136279618,0.77130115,-7.16663932800293
4.14,237.31827195455128,0.71444684,-7.048069000244141
4.15,238.7035823162358,0.59769017,-6.876494884490967
4.16,239.6876014057337,0.67098135,-6.745733737945557
4.17,238.69839442377827,0.68210953,-6.616806983947754
4.18,237.80411895449006,0.6160415,-6.613215923309326
4.19,237.83551272322896,0.59636974,-6.681921005249023
4.2,238.13423161314657,0.5540148,-6.829901695251465
4.21,238.2904173287679,0.534271,-6.882013320922852
4.22,238.39485531164783,0.63854253,-7.018863677978516
4.23,238.28825892880155,0.6068019,-7.090544700622559
4.24,238.49938527741807,0.62507117,-7.134271144866943
4.25,238.6665097402678,0.7104178,-7.069202423095703
4.26,238.58243010220332,0.74339044,-6.987567901611328
4.27,238.2900732599566,0.696829,-6.938596725463872
4.28,238.39599078037304,0.5837215,-6.976726055145264
4.29,239.28946333532883,0.57623535,-6.961270332336426
4.3,238.72260856730497,0.5914706,-6.941738128662109
4.31,238.68714021943657,0.6162798,-6.802930831909192
4.32,238.67992167239603,0.65175897,-6.692883491516113
4.33,238.61858114400394,0.61965126,-6.565342426300049
4.34,238.67930895932378,0.6217351,-6.416883945465088
4.35,238.85002367100924,0.6947606,-6.287202358245861
4.36,239.10612532040398,0.66005087,-6.2190937995910645
4.37,239.50400896966275,0.7246807,-6.1768341064453125
4.38,239.9077307201227,0.799606,-6.187239646911621
4.39,240.14102575902203,0.85216874,-6.212071895599365
4.4,239.89988470060328,0.8923752,-6.191836357116699
4.41,239.3131614939796,0.8641814,-6.194902420043945
4.42,239.35877667142842,0.8574669,-6.232795238494873
4.43,239.7323053563066,0.8285555,-6.277058124542236
4.44,239.28002948301057,0.7924313,-6.281805992126465
4.45,239.1928805596459,0.8056276,-6.313623428344727
4.46,239.68538751393885,0.7985557,-6.39466667175293
4.47,239.7381093539584,0.81839734,-6.451864719390869
4.48,239.72327364161578,0.8272385,-6.54041051864624
4.49,239.63476118795953,0.75049555,-6.615566730499268
4.5,239.98650411050053,0.6926841,-6.635871410369873
4.51,240.28368916548538,0.66837674,-6.7286882400512695
4.52,239.8043841572274,0.7320155,-6.822307109832756
4.53,239.19765990210973,0.7975926,-6.914858818054199
4.54,238.785932692058,0.7440724,-6.9335832595825195
4.55,239.01123910571897,0.7771848,-6.928656578063965
4.56,238.81731581835058,0.7570255,-6.958623886108396
4.57,238.55537632824863,0.76189685,-7.001237392425537
4.58,238.5269226652863,0.754342,-7.09968376159668
4.59,238.89174365847703,0.7595428,-7.077090740203857
4.6,239.29243209897697,0.8089549,-7.126232147216792
4.61,239.3250092135948,0.8268068,-7.088527679443359
4.62,239.40207048428323,0.7848608,-7.117638111114502
4.63,239.2676327095857,0.7558781,-7.232167720794678
4.64,239.04858090122505,0.5889916,-7.210350513458252
4.65,239.43278519455188,0.542652,-7.202024936676025
4.66,239.53612356760797,0.49603087,-7.111550331115723
4.67,239.38554161865204,0.51418674,-7.028966426849365
4.68,238.92600249808805,0.56148595,-7.0719451904296875
4.69,239.50083509168792,0.5421275,-7.06359338760376
4.7,239.95892556209168,0.49477372,-7.043393135070801
4.71,239.5085958747801,0.7688608,-7.022373199462891
4.72,239.28729417140698,0.8135456,-6.9313154220581055
4.73,239.56865463931456,0.84150076,-6.799765110015869
4.74,239.7786112180921,0.81802034,-6.754870891571045
4.75,239.7404600852465,0.73447347,-6.712648391723633
4.76,240.04455643001324,0.7283893,-6.6423845291137695
4.77,240.30445131116016,0.70543164,-6.515212535858166
4.78,240.2854593629711,0.694417,-6.540846824645996
4.79,240.13546843775532,0.6847576,-6.579338073730469
4.8,239.9140678551563,0.76412797,-6.601345539093018
4.81,239.57320558050748,0.78338456,-6.62474203109741
4.82,239.2876908307643,0.77837044,-6.536991596221924
4.83,239.2046050082501,0.7602981,-6.5187764167785645
4.84,239.63094646009353,0.73207575,-6.467647552490234
4.85,240.08103114093558,0.74855894,-6.449935436248781
4.86,240.2293027900692,0.71262455,-6.492151737213135
4.87,240.70450810287113,0.7425072,-6.4453959465026855
4.88,240.3679642022094,0.7822583,-6.344797611236572
4.89,240.3555970588624,0.6923367,-6.38627815246582
4.9,239.7907433240258,0.6601395,-6.442144393920898
4.91,239.7544018489653,0.64992523,-6.488970756530762
4.92,240.06876216136348,0.5126925,-6.527220726013184
4.93,239.8205340490424,0.48956206,-6.550083637237549
4.94,239.0903248535308,0.43157566,-6.632198810577393
4.95,238.90445644743565,0.4749927,-6.618535995483398
4.96,239.0097653941208,0.42733377,-6.519693374633789
4.97,238.8932750437977,0.4654132,-6.406943321228027
4.98,238.77199252200657,0.57389265,-6.365630626678467
4.99,238.65906148251992,0.59672135,-6.366888046264648
5.0,239.71603921293902,0.58193606,-6.3198018074035645
5.01,239.73085009999699,0.68701875,-6.242197036743164
5.02,239.77759060729443,0.48273608,-6.15433883666993
5.03,239.61385192011892,0.47208592,-6.083158493041992
5.04,239.99887748979256,0.51796895,-5.986522674560547
5.05,240.1581467753997,0.55173653,-5.975528717041016
5.06,240.40143645568912,0.6047819,-5.951071739196779
5.07,240.28265654378197,0.531045,-5.888259410858154
5.08,240.15893340753237,0.6655979,-5.766608715057373
5.09,240.0293651786805,0.68874174,-5.708693504333496
5.1,239.91591841364328,0.8105597,-5.719632148742675
5.11,240.118341148452,0.8338742,-5.6656622886657715
5.12,239.93656961575653,0.72673005,-5.5902509689331055
5.13,240.11515311072748,0.6270714,-5.59847354888916
5.14,240.11293909945752,0.62638336,-5.549530506134033
5.15,239.99399190043414,0.55151343,-5.584580898284912
5.16,239.4701846796896,0.68048805,-5.616104602813721
5.17,239.05696486299837,0.6918992,-5.505746841430664
5.18,238.75109947821073,0.596668,-5.351694107055664
5.19,238.86095904976105,0.4653463,-5.102967739105225
5.2,238.89973919495554,0.43785387,-5.122702121734619
5.21,239.13103189664787,0.422868,-5.069265842437744
5.22,239.23182294387072,0.50551677,-5.044970989227295
5.23,239.4722977552342,0.4599739,-5.010392189025879
5.24,239.53657086638185,0.3286001,-4.997710704803467
5.25,239.4321157430122,0.25411823,-5.013747692108154
5.26,239.9015478861342,0.22080144,-4.985126972198486
5.27,239.92313027652077,0.3302977,-4.938027381896977
5.28,239.96424111855004,0.26391092,-4.792616844177246
5.29,239.91372049305298,0.28604856,-4.657247543334961
5.3,239.9608731824138,0.25825635,-4.660615921020508
5.31,240.06075708475376,0.41709003,-4.701567649841305
5.32,240.22826322750808,0.3473033,-4.746035575866699
5.33,240.2705915553412,0.25747147,-4.687046527862549
5.34,240.14324920157532,0.2035549,-4.825206279754639
5.35,240.00329388792838,0.23706143,-5.046539783477764
5.36,239.96563958808608,0.2804343,-5.227082252502441
5.37,239.88413982671847,0.522052,-5.342504978179932
5.38,239.91743173902492,0.6791835,-5.482041835784912
5.39,239.60295709902968,0.60048085,-5.620718479156494
5.4,239.25578977727224,0.6981524,-5.8886919021606445
5.41,238.86408928737526,0.8180137,-6.1375579833984375
5.42,238.2536880582171,0.7570745,-6.375473976135254
5.43,237.7786088594545,0.81016326,-6.6501312255859375
5.44,238.36873794917682,0.81213516,-6.934874534606934
5.45,238.3939432379319,0.830085,-7.348903656005859
5.46,238.2399854081051,0.80812407,-7.756351470947266
5.47,238.05063058620783,0.82564336,-7.871535301208496
5.48,237.67666165620386,0.8331481,-7.943157196044922
5.49,237.9108201416352,0.80663323,-7.971680641174316
5.5,238.1489535947441,0.78743535,-7.996167182922363
5.51,237.51241461208855,0.80641675,-8.017501831054688
5.52,237.23736468824188,0.7601872,-8.082521438598627
5.53,237.46031371402904,0.7035918,-8.121368408203125
5.54,237.6217782053276,0.74385744,-8.223379135131836
5.55,237.42781310949684,0.8058213,-8.306756019592285
5.56,236.82732330071363,0.794784,-8.402644157409659
5.57,237.16553222475937,0.70709604,-8.498044967651367
5.58,237.86115724430164,0.6430165,-8.48022747039795
5.59,238.28414041825903,0.6317312,-8.452810287475586
5.6,238.0969868458199,0.6803019,-8.618394851684556
5.61,237.80465162728277,0.6467884,-8.68436336517334
5.62,237.52987511581128,0.5973175,-8.890411376953125
5.63,237.40363989296372,0.67450356,-9.107093811035156
5.64,237.82719278197908,0.7552598,-9.229897499084473
5.65,237.7884323453535,0.774476,-9.326456069946289
5.66,238.02267394244407,0.75546396,-9.364208221435547
5.67,237.9498136734429,0.76183456,-9.33997631072998
5.68,238.15583134283622,0.73768157,-9.303926467895508
5.69,237.99260068631634,0.8052038,-9.295268058776855
5.7,237.89360713629944,0.83893037,-9.269532203674316
5.71,237.81667055649956,0.8573028,-9.223822593688965
5.72,237.68891507501428,0.8407565,-9.133882522583008
5.73,237.58155230199594,0.8458816,-9.003249168395996
5.74,237.5083202990274,0.8654626,-8.88455581665039
5.75,237.67566001773048,0.86037725,-8.776374816894531
5.76,237.90278969626928,0.8611333,-8.736649513244629
5.77,238.18035298173825,0.83411855,-8.698226928710941
5.78,238.35562455141826,0.85158306,-8.573494911193848
5.79,237.86165408363138,0.8695737,-8.533527374267578
5.8,237.61659628114873,0.8537604,-8.567777633666992
5.81,237.9400623869249,0.8289465,-8.439966201782237
5.82,238.1317121053955,0.8202472,-8.37192153930664
5.83,237.69750039678615,0.8574205,-8.394218444824219
5.84,237.7587961206499,0.8614378,-8.448383331298828
5.85,237.73409862036007,0.8442523,-8.469841003417967
5.86,238.07019697982352,0.77700293,-8.513532638549805
5.87,238.30158081963387,0.74745166,-8.45258903503418
5.88,238.16312008928722,0.738417,-8.414406776428223
5.89,237.86703425814386,0.80559194,-8.408808708190918
5.9,237.70840960158236,0.824427,-8.47640323638916
5.91,238.00737459579955,0.81550723,-8.638138771057129
5.92,238.3012455874912,0.8135783,-8.68843936920166
5.93,238.28918436568517,0.81689656,-8.697259902954102
5.94,238.33399723454778,0.80725026,-8.768695831298828
5.95,238.04874615449046,0.76122075,-8.693770408630371
5.96,237.82310376218757,0.7523695,-8.68529987335205
5.97,237.87470105732194,0.78245056,-8.582168579101562
5.98,238.2451219330862,0.79027283,-8.421073913574219
5.99,238.37788719011112,0.81112397,-8.321426391601562
6.0,238.12088516097108,0.810501,-8.263941764831543
6.01,238.10877575290053,0.7525228,-8.125259399414062
6.02,238.57913979518767,0.7593718,-8.028247833251962
6.03,238.85021403248533,0.6962618,-7.924201011657715
6.04,239.02761850275567,0.66755134,-7.803709506988525
6.05,238.8709426721431,0.7218668,-7.616325378417969
6.06,238.87743714805697,0.73600775,-7.317037582397488
6.07,239.10017275684783,0.73521984,-7.028656005859375
6.08,239.26081560137584,0.6894249,-6.8410797119140625
6.09,239.84858203249354,0.74687546,-6.719594955444336
6.1,239.69091767398152,0.65527934,-6.66272115707398
6.11,239.33633657939993,0.5697466,-6.597301483154297
6.12,239.39948440972233,0.64280766,-6.520658493041992
6.13,240.0309411501138,0.63100606,-6.39096212387085
6.14,240.54612886478884,0.71064305,-6.287274360656747
6.15,240.4446639151871,0.65858424,-6.204824447631836
6.16,240.1601771141831,0.69853455,-6.13875150680542
6.17,239.96760274960025,0.70017314,-6.049206256866455
6.18,239.9193519103698,0.6635745,-6.069045543670654
6.19,239.97503291618426,0.66490245,-6.209537506103516
6.2,240.04713982354204,0.69746786,-6.425581932067871
6.21,240.1395999954703,0.7553885,-6.530479907989502
6.22,240.2702326173602,0.8030883,-6.571622848510742
6.23,240.13762155464792,0.7868906,-6.638907432556152
6.24,240.29255458958062,0.7485015,-6.678738117218018
6.25,240.54791623959755,0.78504753,-6.763360023498535
6.26,240.24993321037172,0.7857242,-6.905672550201416
6.27,239.84785199710575,0.8159397,-6.928987503051756
6.28,239.75473492025725,0.8407959,-6.9303297996521
6.29,239.75784454705632,0.8513812,-6.955140113830566
6.3,239.39590391762158,0.867337,-7.073326110839844
6.31,239.0165260043632,0.87807333,-7.1444554328918395
6.32,238.84747081423697,0.87762624,-7.144493579864502
6.33,239.21279267354373,0.8899163,-7.185188293457031
6.34,239.20916298503067,0.90363276,-7.144244194030762
6.35,239.21995843849083,0.8713049,-7.145378589630127
6.36,239.32526686329058,0.7973351,-7.114632606506348
6.37,239.25313564165992,0.7959661,-7.165302276611328
6.38,238.88220664891588,0.8590025,-7.173833847045898
6.39,238.80632417200033,0.87895703,-7.142355442047122
6.4,238.54660697692208,0.81942797,-7.24041223526001
6.41,239.1048120642384,0.8422584,-7.3031768798828125
6.42,239.2221099013143,0.84479934,-7.377912998199463
6.43,238.69529256492234,0.77900964,-7.39124870300293
6.44,238.6835496299935,0.6986138,-7.412524223327637
6.45,238.69390564887055,0.7109583,-7.302096366882324
6.46,238.85348978994685,0.7762289,-7.316651821136475
6.47,239.1382318741169,0.7969256,-7.316952705383301
6.48,239.16672302823795,0.7540685,-7.204923152923584
6.49,239.64036013975664,0.6888966,-7.1021881103515625
6.5,239.5817969497064,0.72699827,-6.903647422790527
6.51,239.08117283576746,0.7690343,-6.754327297210693
6.52,238.65703136858772,0.6651605,-6.67671728134156
6.53,238.60398200761324,0.702264,-6.573374271392822
6.54,239.1082556410726,0.6867431,-6.410177230834961
6.55,240.15683773728085,0.7183015,-6.270403861999512
6.56,239.87579942002765,0.68619007,-6.129135608673108
6.57,239.47303256699425,0.53554654,-5.969592094421387
6.58,239.5064820224027,0.61256367,-5.956587791442871
6.59,239.75097119807387,0.685174,-5.872814655303955
6.6,240.04755098358942,0.67968714,-5.847844123840334
6.61,240.06388716893994,0.6648129,-5.8654022216796875
6.62,240.26506806435432,0.6650436,-5.928000450134277
6.63,240.6257998700701,0.67510617,-6.058311939239502
6.64,240.6167879677113,0.6754403,-6.1662673950195215
6.65,240.51594261276878,0.7323298,-6.250129699707031
6.66,240.0551298740767,0.79604095,-6.403153419494629
6.67,240.03612948762458,0.8136737,-6.48897123336792
6.68,240.35342821593633,0.8319413,-6.618722915649414
6.69,240.47200040446688,0.79900897,-6.6899213790893555
6.7,240.11621003909627,0.80966616,-6.712035179138184
6.71,239.83583571278845,0.81987345,-6.79123592376709
6.72,240.06116377126506,0.81286824,-6.772744178771973
6.73,240.25393957291865,0.84881455,-6.797359466552734
6.74,239.65356171115167,0.8619089,-6.827469825744629
6.75,239.00710583679992,0.8889351,-6.865935802459717
6.76,238.82561619314782,0.8920626,-6.898655891418457
6.77,239.39097686993637,0.8975005,-6.858189582824711
6.78,239.7311433964995,0.9101907,-6.831046104431152
6.79,239.35139515483223,0.91348314,-6.792571544647217
6.8,239.14457291227882,0.8974647,-6.772533416748047
6.81,239.224469099488,0.87059665,-6.740708351135257
6.82,239.02067295200712,0.81232375,-6.776625633239746
6.83,238.52815501236475,0.78891623,-6.823720455169678
6.84,238.3257001919581,0.8165075,-6.919609069824219
6.85,238.79226165314475,0.7909888,-7.0233798027038485
6.86,239.57201555574716,0.71916,-7.079329013824463
6.87,239.88853667538876,0.6400254,-7.163980484008789
6.88,239.81249673635858,0.60304445,-7.233597755432129
6.89,239.6477969411119,0.5629325,-7.242535591125487
6.9,239.39408307493974,0.5826072,-7.258549213409424
6.91,239.53413638122154,0.5595591,-7.189941883087158
6.92,239.07033945410208,0.7215117,-7.124884605407715
6.93,238.5970257876625,0.68433225,-7.066562175750732
6.94,238.3660696368287,0.7020784,-6.976721286773682
6.95,238.70793645016153,0.7386339,-6.9634528160095215
6.96,239.14809419412708,0.8129351,-6.904819488525391
6.97,239.07289346103968,0.8314799,-6.830441474914551
6.98,239.4159605814723,0.8439997,-6.759289741516113
6.99,239.5756358748357,0.82834035,-6.667920112609863
7.0,239.62200169231016,0.7961774,-6.5463714599609375
7.01,239.97226520247892,0.77319837,-6.419483184814453
7.02,240.19116846934938,0.7982264,-6.342601776123054
7.03,239.9973596738121,0.7834209,-6.296631813049316
7.04,239.92715483843426,0.7960889,-6.2436347007751465
7.05,240.0700751025874,0.7122101,-6.262085437774658
7.06,239.9512631406087,0.66266674,-6.266829967498779
7.07,239.97891054404818,0.66873866,-6.261077880859375
7.08,240.01989681663034,0.74785554,-6.280237197875977
7.09,239.825062436739,0.7735141,-6.269026279449463
7.1,239.5197608811867,0.71511114,-6.26259994506836
7.11,239.76783528845755,0.7102691,-6.28260612487793
7.12,239.75209826143305,0.7910073,-6.304802417755127
7.13,239.6175827119241,0.7985017,-6.326665878295898
7.14,239.18605268245915,0.82934046,-6.396024227142328
7.15,239.21387070235195,0.85420763,-6.452053070068359
7.16,239.39724565918402,0.88046724,-6.520830154418945
7.17,239.5811413334601,0.88594955,-6.652069091796875
7.18,239.72983156250456,0.8768513,-6.751396656036377
7.19,239.9154240832416,0.87143874,-6.86875057220459
7.2,239.80258298830336,0.8305105,-6.969028472900391
7.21,239.3639041765149,0.7614994,-7.133206367492676
7.22,239.2599886125443,0.75789315,-7.329342365264893
7.23,239.0858276207494,0.7960643,-7.434103965759277
7.24,238.96888886017155,0.8445261,-7.534092903137207
7.25,239.13831869086943,0.8624293,-7.622913837432861
7.26,239.08416264666315,0.7928907,-7.747317314147949
7.27,239.31424140064766,0.78917277,-7.805003166198725
7.28,239.25618460614822,0.82014835,-7.870192527770996
7.29,239.00219083853506,0.88645965,-7.902597427368164
7.3,238.9027039692101,0.8864438,-7.799123764038086
7.31,239.01265333106113,0.87376195,-7.808051586151122
7.32,239.1429059611213,0.845853,-7.703091621398926
7.33,239.93725303349336,0.8619004,-7.601992607116699
7.34,239.9800114429954,0.8617758,-7.484322547912598
7.35,239.77191615816778,0.8301439,-7.465073585510256
7.36,239.60201686779408,0.81268686,-7.31287956237793
7.37,239.27594407746486,0.8123387,-7.142100811004639
7.38,239.07512172034956,0.8025352,-6.960143089294434
7.39,239.14508814247063,0.8281603,-6.807413578033461
7.4,238.99093633173365,0.836145,-6.731860637664795
7.41,239.2228812303929,0.7881436,-6.6432929039001465
7.42,240.0725979913238,0.80791557,-6.620481014251709
7.43,240.20691221288416,0.8120156,-6.635785102844238
7.44,239.88591118521322,0.82242006,-6.623291492462158
7.45,239.68704774570807,0.7926568,-6.5751953125
7.46,239.8854576929624,0.7897516,-6.547462463378906
7.47,240.02151986528008,0.80416405,-6.4268293380737305
7.48,240.24147720765166,0.80147594,-6.378438472747803
7.49,240.28672909627528,0.8084973,-6.436408042907715
7.5,240.53639170827404,0.8088672,-6.531047821044922
7.51,240.33857065466535,0.81542856,-6.695973873138428
7.52,239.98210929300456,0.83015513,-6.779799461364739
7.53,239.52137076079822,0.83101577,-6.803219318389893
7.54,239.65678275796358,0.8486865,-6.823134899139404
7.55,240.2197491702972,0.8435791,-6.834127426147461
7.56,240.78418172760635,0.7875479,-6.749619483947761
7.57,240.584587232396,0.80282533,-6.767830848693848
7.58,240.02879029814312,0.859303,-6.789255142211914
7.59,239.68820638392057,0.86324465,-6.7664713859558105
7.6,240.131816735087,0.84793055,-6.80825042724609
7.61,240.15325305526798,0.8484211,-6.844756603240967
7.62,239.65960245223812,0.86245763,-6.905909061431885
7.63,239.4632035787623,0.89108336,-6.90284538269043
7.64,239.80366393767326,0.9002313,-6.884853363037111
7.65,239.56924131647588,0.8928549,-6.8585638999938965
7.66,239.42876494873337,0.8588383,-6.858925819396973
7.67,239.36014989248218,0.86183566,-6.834659099578857
7.68,239.2152477543089,0.8826324,-6.903214454650879
7.69,239.14255374542705,0.87434447,-6.919288635253906
7.7,239.45189313727053,0.9026689,-6.948188781738281
7.71,239.35296262839654,0.89385384,-7.051424503326416
7.72,239.3068916919644,0.89116293,-7.1687774658203125
7.73,239.08807568232754,0.8677239,-7.179823875427246
7.74,239.0580143142,0.84803414,-7.179317951202393
7.75,239.28504354683236,0.85795003,-7.169431686401367
7.76,239.4156290701701,0.8542681,-7.1006669998168945
7.77,239.4444429731206,0.85861945,-6.907234668731706
7.78,239.57463652654104,0.82785165,-6.732828617095947
7.79,239.59410639752377,0.8184895,-6.657063961029053
7.8,240.08963655051676,0.8107229,-6.624743461608887
7.81,240.00920067850734,0.8077216,-6.575200557708745
7.82,240.54540682244706,0.7748282,-6.574018478393555
7.83,240.6017016392115,0.8338469,-6.536793231964111
7.84,240.44152968783936,0.8327434,-6.404365539550781
7.85,240.116661127301,0.84202886,-6.218516349792497
7.86,239.67134145888906,0.8412482,-6.087381362915039
7.87,240.00058438706444,0.8295083,-5.9485392570495605
7.88,240.07253322130174,0.8246906,-5.828864574432373
7.89,240.12033251971468,0.79669094,-5.816737174987794
7.9,240.00537099855524,0.7940393,-5.885012149810791
7.91,240.10121405456215,0.8316979,-5.927567481994629
7.92,240.45491165399307,0.8238094,-6.023240566253662
7.93,240.26235722965873,0.83269227,-6.056253910064695
7.94,240.09098310199929,0.83236396,-6.067045211791992
7.95,240.12711343422453,0.8618207,-6.007074356079102
7.96,240.23232723350407,0.86991704,-6.001743316650391
7.97,240.1165762071704,0.8803205,-6.145069122314453
7.98,240.17970991595467,0.8804031,-6.266907691955566
7.99,239.62804471149803,0.8800432,-6.3971405029296875
8.0,239.34427379419478,0.8518762,-6.509194850921631
8.01,238.97697928137308,0.7961564,-6.612884998321533
8.02,238.8000877200432,0.7117306,-6.783425331115723
8.03,238.8139836747085,0.7287098,-6.902353763580322
8.04,238.89968152265214,0.7168493,-6.975608348846422
8.05,239.35679663862842,0.76859194,-6.956953048706055
8.06,239.52823955963012,0.767991,-6.921381950378418
8.07,239.06770412245493,0.6734003,-6.893935680389404
8.08,239.36890898573776,0.57081056,-6.879239082336426
8.09,239.3738726029191,0.58652157,-6.809452056884766
8.1,239.61284873273917,0.7502533,-6.732490062713623
8.11,239.53893680002784,0.80381435,-6.6949992179870605
8.12,239.44867742367845,0.75252265,-6.608612537384048
8.13,239.63031063229707,0.49921346,-6.619635581970215
8.14,240.5127309023243,0.22454634,-6.574036598205566
8.15,241.1240577186694,0.3587086,-6.49403190612793
8.16,240.32555618678862,0.5083035,-6.458777904510498
8.17,239.96360812791625,0.53661036,-6.36104679107666
8.18,240.72433485337422,0.5345669,-6.282529354095459
8.19,240.49317597451986,0.52675366,-6.263530731201172
8.2,240.90507069832785,0.54670864,-6.206820487976074
8.21,240.11918556954814,0.6036497,-6.240964412689209
8.22,240.40116236589117,0.5577406,-6.385330677032471
8.23,241.18353129868757,0.6138831,-6.497370719909668
8.24,241.08263867369348,0.5951396,-6.619142532348633
8.25,241.03279751380146,0.42850685,-6.720720291137695
8.26,240.7949968950835,0.18723023,-6.774840831756592
8.27,240.64142346802737,0.28635022,-6.869792938232422
8.28,239.89744048037744,0.4442153,-6.960773944854736
8.29,239.48310791568127,0.5605751,-7.055567741394026
8.3,239.5543752412754,0.5480475,-7.275805473327637
8.31,239.41879970872208,0.59334457,-7.494399547576904
8.32,239.0981566677688,0.61248296,-7.65749454498291
8.33,239.0247942341524,0.59769344,-7.88817024230957
8.34,239.19294625185586,0.3958351,-8.066184997558594
8.35,239.44953419733324,0.3734846,-7.922368049621582
8.36,239.50936711878487,0.3382305,-7.767395496368408
8.37,239.412286559279,0.47922972,-7.7095451354980575
8.38,239.13063738643962,0.4248691,-7.6219563484191895
8.39,239.15559230593038,0.35430977,-7.583537578582764
8.4,238.56660298728985,0.42889443,-7.4029741287231445
8.41,238.11398872312003,0.4586323,-7.178956031799316
8.42,238.95214757536513,0.5674705,-7.008109092712402
8.43,239.5982617724472,0.5683736,-6.837460517883301
8.44,239.3960351470854,0.5444972,-6.697194576263428
8.45,238.74969685892108,0.58315945,-6.561534404754639
8.46,239.38132915064287,0.7279011,-6.4077348709106445
8.47,239.25657517262604,0.7317569,-6.288328170776367
8.48,239.39488731503954,0.5842195,-6.361427307128906
8.49,239.57323444896167,0.57191926,-6.471990585327148
8.5,239.79419137786252,0.70426714,-6.423184871673584
8.51,239.6784225682495,0.73805904,-6.421485424041748
8.52,239.54408677261753,0.7325852,-6.496106147766113
8.53,238.96712714441213,0.8118813,-6.4963603019714355
8.54,238.8927087111099,0.83501697,-6.511784553527829
8.55,238.90632508848998,0.8386013,-6.597953796386719
8.56,239.10386137103615,0.8414037,-6.602747917175293
8.57,239.23714580562648,0.82040995,-6.455595970153809
8.58,239.29993788564593,0.81452733,-6.352462291717529
8.59,239.83916028207372,0.8118319,-6.173116683959961
8.6,240.00434667120686,0.80857456,-6.251723289489746
8.61,240.0870567850103,0.75990164,-6.289101600646973
8.62,240.23570310687347,0.7693137,-6.30244970321655
8.63,240.05086481771997,0.7745483,-6.245428085327148
8.64,239.5276288187007,0.8098879,-6.163907051086426
8.65,239.38187659906546,0.82391775,-5.958966255187988
8.66,238.98570032788103,0.8462772,-5.9537835121154785
8.67,238.70695584624556,0.8323333,-5.925859451293945
8.68,239.3097648957446,0.8512194,-5.770225524902344
8.69,239.60176051690328,0.82567525,-5.733624458312988
8.7,239.53802381145297,0.78579015,-5.811863899230943
8.71,239.37512050404902,0.7828511,-5.975394248962402
8.72,239.67106839381555,0.7135247,-6.155013084411621
8.73,239.65131672802184,0.67890114,-6.087547302246094
8.74,239.51912543397825,0.58351785,-5.953369140625
8.75,239.50155771771605,0.5115251,-5.872623920440674
8.76,239.6100928295042,0.6621521,-5.894440650939941
8.77,239.67122869720185,0.7288532,-5.973121643066406
8.78,239.71015369238563,0.74373686,-6.165080547332764
8.79,239.39442436336296,0.69616336,-6.192078113555904
8.8,239.42778435455028,0.7615962,-6.207342624664307
8.81,239.27535154114605,0.7794334,-6.310226917266846
8.82,239.48027558728626,0.80374706,-6.439185619354248
8.83,239.56205458483169,0.7930075,-6.508619785308838
8.84,239.22985861692166,0.78041345,-6.4891839027404785
8.85,238.86914958842794,0.75533324,-6.549722671508789
8.86,239.05363390472775,0.7834033,-6.638180732727051
8.87,239.29379819795088,0.78674746,-6.729056835174545
8.88,239.37571331857532,0.8555474,-6.8647565841674805
8.89,238.9649068518408,0.8647185,-6.9765400886535645
8.9,238.28910022015035,0.85220826,-7.011770725250244
8.91,237.60194066991673,0.8343984,-7.071535110473633
8.92,237.6471890336423,0.7577726,-7.202942848205566
8.93,238.3692470662099,0.68157786,-7.385044574737549
8.94,238.19543633964742,0.6473285,-7.435028553009033
8.95,237.92736196470113,0.60745466,-7.519564628601059
8.96,237.73010347756616,0.6270286,-7.584696292877197
8.97,237.77521897179366,0.6274961,-7.6822638511657715
8.98,237.80275129959665,0.55406386,-7.626213073730469
8.99,237.99624622268115,0.5531376,-7.645577907562256
9.0,238.24130389668497,0.57428944,-7.651703357696533
9.01,238.2083534394697,0.62275916,-7.646193981170654
9.02,237.9294920594046,0.7204098,-7.58333683013916
9.03,237.80907755086903,0.73033065,-7.60622501373291
9.04,237.96202684004865,0.78357846,-7.703671455383283
9.05,238.3752799316639,0.80859196,-7.757699489593506
9.06,238.3930524628116,0.8098694,-7.748825550079346
9.07,237.77831814037336,0.81754154,-7.693874359130859
9.08,237.08907003506118,0.7975318,-7.732236385345459
9.09,237.12557942615695,0.7679159,-7.732287406921387
9.1,237.36615335583332,0.6980978,-7.682924747467041
9.11,237.33312491622942,0.650314,-7.751645565032959
9.12,237.18877240652245,0.64785755,-7.773297309875485
9.13,236.883095787268,0.61709356,-7.790387153625488
9.14,237.18168135820463,0.63256925,-7.940969944000244
9.15,237.34099069175625,0.6686676,-8.067010879516602
9.16,237.37656769135054,0.6540368,-8.118551254272461
9.17,237.70517931794046,0.6590629,-8.104656219482422
9.18,237.71599117960352,0.5939773,-8.15336799621582
9.19,238.01790481037926,0.6182562,-8.207049369812012
9.2,238.05361758484904,0.6989276,-8.309679985046369
9.21,238.01826794008218,0.6212716,-8.219223976135254
9.22,237.78873743653688,0.65206194,-8.161739349365234
9.23,237.77938008653513,0.64245313,-8.07204818725586
9.24,237.94933107258447,0.6056199,-7.974466323852539
9.25,237.6294613109908,0.67266595,-7.84702730178833
9.26,237.1972445752125,0.6420234,-7.7275543212890625
9.27,236.96191262425663,0.6860316,-7.578358173370361
9.28,237.1636347122249,0.6868061,-7.4834160804748535
9.29,237.0834368686477,0.58505404,-7.444902420043952
9.3,237.42789006326933,0.56511664,-7.417032241821289
9.31,237.37176050703127,0.534749,-7.422075271606445
9.32,237.20793574556453,0.59265816,-7.4070892333984375
9.33,237.26065015034294,0.5775274,-7.388011932373047
9.34,237.4535427363169,0.59055924,-7.486948013305664
9.35,237.7301876141125,0.6605351,-7.515116214752197
9.36,237.79081481931772,0.6675369,-7.625574111938477
9.37,237.78591209507525,0.7217728,-7.777857303619358
9.38,237.48269316391742,0.6904513,-7.854252815246582
9.39,237.47783033690956,0.7474031,-7.92866325378418
9.4,237.65633614133264,0.68343526,-7.888457298278809
9.41,237.9378742641953,0.61665046,-7.919251918792725
9.42,238.07045289319476,0.6730406,-7.931114196777344
9.43,237.75982407163798,0.7294607,-7.8152971267700195
9.44,237.84809446603336,0.6870557,-7.708680629730225
9.45,237.80034739287967,0.71982014,-7.6089706420898615
9.46,238.03064439730548,0.6257064,-7.57223653793335
9.47,238.03773104129303,0.6095727,-7.4991936683654785
9.48,238.34576360517718,0.5907015,-7.490825653076172
9.49,238.23849160589992,0.56637275,-7.430398941040039
9.5,238.86072744913307,0.5813382,-7.234807014465332
9.51,239.41795524334222,0.6519697,-7.0006937980651855
9.52,239.61769307745408,0.59409577,-6.841989517211914
9.53,239.4273608877015,0.60468346,-6.754065036773682
9.54,238.8723259602359,0.53431094,-6.604799747467068
9.55,239.42127453428924,0.5494377,-6.556282997131348
9.56,239.79113240649082,0.6021529,-6.535745620727539
9.57,239.67598128646824,0.49540406,-6.501801490783691
9.58,239.36333612914777,0.52563965,-6.4149322509765625
9.59,239.15814075534877,0.6085984,-6.291880130767822
9.6,239.5354209014551,0.7359469,-6.199530601501465
9.61,239.78012445829785,0.7758045,-6.133679389953613
9.62,239.78536405296023,0.8237726,-6.097110748291022
9.63,239.80230918479344,0.7820434,-6.131425857543945
9.64,239.9243287328777,0.77165395,-6.247810363769531
9.65,239.8708782957936,0.7829131,-6.276634216308594
9.66,239.48869997008455,0.77559674,-6.307106018066406
9.67,239.3169400766391,0.79344696,-6.3277268409729
9.68,239.2354420056755,0.81646335,-6.320723533630371
9.69,239.89631169160728,0.8302714,-6.361546993255615
9.7,240.48770558634004,0.8060259,-6.447082519531235
9.71,240.0852452227446,0.8614233,-6.560419082641602
9.72,239.59212202656363,0.8859459,-6.617680549621582
9.73,239.2915973976202,0.8838524,-6.626997947692871
9.74,239.34733276909685,0.901329,-6.609160900115967
9.75,238.96220944359467,0.8939479,-6.631440162658691
9.76,238.49915692327002,0.87958574,-6.67580509185791
9.77,238.7986251371887,0.8752103,-6.670849323272705
9.78,239.33424436554677,0.8826165,-6.717522144317627
9.79,239.13010725448328,0.870868,-6.771546363830557
9.8,238.7576357118056,0.8616267,-6.786795139312744
9.81,238.31314359613702,0.84184074,-6.787188529968262
9.82,238.00933600902488,0.82004464,-6.810408592224121
9.83,238.3822805290111,0.7820772,-6.817422866821289
9.84,238.33269245228448,0.7838208,-6.759019374847412
9.85,238.08034501795134,0.6749678,-6.9247236251831055
9.86,238.04474008827793,0.62391895,-7.104748725891113
9.87,237.90993375207574,0.66215754,-7.297292232513394
9.88,237.73399017289378,0.7282759,-7.431614875793457
9.89,237.6868270667022,0.74497706,-7.514734268188477
9.9,237.9872190547761,0.68983495,-7.663083553314209
9.91,238.57451159632805,0.66776896,-7.637948513031006
9.92,238.71027733715738,0.66455245,-7.574132919311523
9.93,238.66276785643092,0.71300864,-7.641463279724121
9.94,238.26103469777448,0.69812083,-7.85759973526001
9.95,237.98570612753701,0.69409144,-8.237208366393975
9.96,238.3146672056235,0.7050506,-8.692290306091309
9.97,238.28233649310843,0.76883876,-9.254645347595215
9.98,238.14597384031572,0.73643976,-9.697248458862305
9.99,237.37794070603888,0.65896606,-10.070348739624023
10.0,236.48605721202895,0.65922,-10.56251335144043
